X,Y,COD_BENE,DENOM_CORR,DENOM_ATTO,ENTE,ID_REG_BEN,LOCALITA,NOTE_BENE,TIPO_BENE,ALLEGATI,SE_SDO_ROW,icon_url
16.5104042376415,38.8268513405122,,BORGIA - Borgia (CSU),Centri storici ex DGR 44/2010,B002,5202.0000000000000000000000000000000,,,Centro storico,,5202.0000000000000000000000000000000,./0.png
16.1934004783602,39.2592310331206,,MENDICINO - Mendicino (CSU),Centri storici ex DGR 44/2010,F125,5093.0000000000000000000000000000000,,,Centro storico,,5093.0000000000000000000000000000000,./0.png
16.8225904395598,39.4129547290857,,CAMPANA - Campana,Centri storici ex DGR 44/2010,B500,5070.0000000000000000000000000000000,,,Centro storico,,5070.0000000000000000000000000000000,./0.png
16.1589548145758,39.4061523491483,,MONTALTO UFFUGO - Montalto Uffugo (CSU),Centri storici ex DGR 44/2010,F416,5094.0000000000000000000000000000000,,,Centro storico,,5094.0000000000000000000000000000000,./0.png
16.2862730282839,39.5134231943104,,BISIGNANO - Bisignano (CSU),Centri storici ex DGR 44/2010,A887,5066.0000000000000000000000000000000,,,Centro storico,,5066.0000000000000000000000000000000,./0.png
16.0309768710052,39.4159349001849,,FUSCALDO - Fuscaldo   (CSU),Centri storici ex DGR 44/2010,D828,5086.0000000000000000000000000000000,,,Centro storico,,5086.0000000000000000000000000000000,./0.png
16.303209556304,39.1478275555994,,CARPANZANO - Carpanzano  (CSU),Centri storici ex DGR 44/2010,B813,5073.0000000000000000000000000000000,,,Centro storico,,5073.0000000000000000000000000000000,./0.png
15.9738384931779,39.9474168646678,,LAINO CASTELLO - Laino Castello,Centri storici ex DGR 44/2010,E419,5089.0000000000000000000000000000000,,,Centro storico,,5089.0000000000000000000000000000000,./0.png
16.0952409282694,38.4181483641704,,CINQUEFRONDI - Cinquefrondi (CSU),Centri storici ex DGR 44/2010,C710,5145.0000000000000000000000000000000,,,Centro storico,,5145.0000000000000000000000000000000,./0.png
16.9180901880415,39.3531977259532,,UMBRIATICO - Umbriatico,Centri storici ex DGR 44/2010,L492,5132.0000000000000000000000000000000,,,Centro storico,,5132.0000000000000000000000000000000,./0.png
16.4037249136704,38.3239760218027,,ROCCELLA IONICA - Roccella Ionica  (CSU),Centri storici ex DGR 44/2010,H456,5169.0000000000000000000000000000000,,,Centro storico,,5169.0000000000000000000000000000000,./0.png
16.6016524999831,39.9863175412575,,ROSETO CAPO SPULICO - Roseto Capo Spulico,Centri storici ex DGR 44/2010,H572,5107.0000000000000000000000000000000,,,Centro storico,,5107.0000000000000000000000000000000,./0.png
16.5101152877574,38.5347493529844,,SANTA CATERINA DELLO IONIO - S. Caterina dello Ionio,Centri storici ex DGR 44/2010,I170,5215.0000000000000000000000000000000,,,Centro storico,,5215.0000000000000000000000000000000,./0.png
16.5087474232702,38.9479246839505,,TIRIOLO - Tiriolo,Centri storici ex DGR 44/2010,L177,5222.0000000000000000000000000000000,,,Centro storico,,5222.0000000000000000000000000000000,./0.png
16.0828864814093,37.9782509164332,,BRANCALEONE - Brancaleone (CSU),Centri storici ex DGR 44/2010,B118,5139.0000000000000000000000000000000,,,Centro storico,,5139.0000000000000000000000000000000,./0.png
16.052764033012,39.5974860702052,,MALVITO - Malvito,Centri storici ex DGR 44/2010,E872,5092.0000000000000000000000000000000,,,Centro storico,,5092.0000000000000000000000000000000,./0.png
16.4514726038287,38.4127363616903,,PLACANICA - Placanica (CSU),Centri storici ex DGR 44/2010,G729,5165.0000000000000000000000000000000,,,Centro storico,,5165.0000000000000000000000000000000,./0.png
16.2298398414626,38.5978660567485,,SORIANO CALABRO - Soriano Calabro (CSU),Centri storici ex DGR 44/2010,I854,5197.0000000000000000000000000000000,,,Centro storico,,5197.0000000000000000000000000000000,./0.png
16.4111742691071,38.6801745164081,,CHIARAVALLE CENTRALE - Chiaravalle Centrale (CSU),Centri storici ex DGR 44/2010,C616,5205.0000000000000000000000000000000,,,Centro storico,,5205.0000000000000000000000000000000,./0.png
16.8880628879568,39.2114219715782,,BELVEDERE DI SPINELLO - Belvedere di Spinello,Centri storici ex DGR 44/2010,A772,5124.0000000000000000000000000000000,,,Centro storico,,5124.0000000000000000000000000000000,./0.png
16.0300972095992,38.6144928650285,,FILANDARI - Filandari,Centri storici ex DGR 44/2010,D598,5185.0000000000000000000000000000000,,,Centro storico,,5185.0000000000000000000000000000000,./0.png
16.272437065454,38.7793046632884,,FRANCAVILLA ANGITOLA - Francavilla,Centri storici ex DGR 44/2010,D762,5186.0000000000000000000000000000000,,,Centro storico,,5186.0000000000000000000000000000000,./0.png
16.1567068967764,39.7768768658327,,SARACENA - Saracena (CSU),Centri storici ex DGR 44/2010,I423,5117.0000000000000000000000000000000,,,Centro storico,,5117.0000000000000000000000000000000,./0.png
15.9294536532162,39.8819201400474,,PAPASIDERO - Papasidero/Avena (CSU),Centri storici ex DGR 44/2010,G320,5063.0000000000000000000000000000000,,,Centro storico,,5063.0000000000000000000000000000000,./0.png
16.4549077139286,39.0551333706062,,CARLOPOLI - Carlopoli,Centri storici ex DGR 44/2010,B790,5203.0000000000000000000000000000000,,,Centro storico,,5203.0000000000000000000000000000000,./0.png
16.5919006427198,38.907271857073,,CATANZARO - Catanzaro  (CSU),Centri storici ex DGR 44/2010,C352,5204.0000000000000000000000000000000,,,Centro storico,,5204.0000000000000000000000000000000,./0.png
16.1600150869103,39.0368857746887,,NOCERA TERINESE - Nocera Terinese,Centri storici ex DGR 44/2010,F910,5214.0000000000000000000000000000000,,,Centro storico,,5214.0000000000000000000000000000000,./0.png
15.9082356577462,39.7991345940012,,ORSOMARSO - Orsomarso (CSU),Centri storici ex DGR 44/2010,G129,5098.0000000000000000000000000000000,,,Centro storico,,5098.0000000000000000000000000000000,./0.png
16.5215433269671,38.7813635554416,,SQUILLACE - Squillace (CSU),Centri storici ex DGR 44/2010,I929,5220.0000000000000000000000000000000,,,Centro storico,,5220.0000000000000000000000000000000,./0.png
15.8214419438887,38.0255299123145,,BAGALADI - Bagaladi (CSU),Centri storici ex DGR 44/2010,A544,5135.0000000000000000000000000000000,,,Centro storico,,5135.0000000000000000000000000000000,./0.png
16.5798150191341,39.9524812841906,,AMENDOLARA - Amendolara,Centri storici ex DGR 44/2010,A263,5062.0000000000000000000000000000000,,,Centro storico,,5062.0000000000000000000000000000000,./0.png
16.111953041084,39.1364464494303,,SAN PIETRO IN AMANTEA - San Pietro d¿Amantea,Centri storici ex DGR 44/2010,I108,5116.0000000000000000000000000000000,,,Centro storico,,5116.0000000000000000000000000000000,./0.png
16.5299189534947,38.6219377454455,,SANT'ANDREA APOSTOLO DELLO IONIO - S.Andrea Ap.dello Ionio,Centri storici ex DGR 44/2010,I266,5216.0000000000000000000000000000000,,,Centro storico,,5216.0000000000000000000000000000000,./0.png
16.0161331311451,38.6464349751789,,ZUNGRI - Zungri/Papaglionti vecchio,Centri storici ex DGR 44/2010,M204,5194.0000000000000000000000000000000,,,Centro storico,,5194.0000000000000000000000000000000,./0.png
16.3119885361484,38.8261667969373,,CURINGA - Curinga,Centri storici ex DGR 44/2010,D218,5207.0000000000000000000000000000000,,,Centro storico,,5207.0000000000000000000000000000000,./0.png
15.902910870794,37.9888189381385,,CONDOFURI - Condofuri/Amendolea (CSU),Centri storici ex DGR 44/2010,C954,5147.0000000000000000000000000000000,,,Centro storico,,5147.0000000000000000000000000000000,./0.png
16.4682578037141,38.4780501251341,,STILO - Stilo (CSU),Centri storici ex DGR 44/2010,I956,5179.0000000000000000000000000000000,,,Centro storico,,5179.0000000000000000000000000000000,./0.png
16.505071813113,38.5052298968072,,GUARDAVALLE - Guardavalle,Centri storici ex DGR 44/2010,E239,5209.0000000000000000000000000000000,,,Centro storico,,5209.0000000000000000000000000000000,./0.png
16.8254940026164,39.5600919376307,,CALOPEZZATI - Calopezzati,Centri storici ex DGR 44/2010,B424,5069.0000000000000000000000000000000,,,Centro storico,,5069.0000000000000000000000000000000,./0.png
16.0498335360719,39.308388158292,,SAN LUCIDO - San Lucido  (CSU),Centri storici ex DGR 44/2010,H971,5114.0000000000000000000000000000000,,,Centro storico,,5114.0000000000000000000000000000000,./0.png
16.3470662117197,38.4468846887039,,NARDODIPACE - Nardodipace (Vecchio abitato),Centri storici ex DGR 44/2010,F843,5191.0000000000000000000000000000000,,,Centro storico,,5191.0000000000000000000000000000000,./0.png
17.1271473865505,39.0806126162345,,CROTONE - Crotone  (CSU),Centri storici ex DGR 44/2010,D122,5127.0000000000000000000000000000000,,,Centro storico,,5127.0000000000000000000000000000000,./0.png
16.0782756126728,39.1601909718767,,BELMONTE CALABRO - Belmonte Calabro (CSU),Centri storici ex DGR 44/2010,A762,5064.0000000000000000000000000000000,,,Centro storico,,5064.0000000000000000000000000000000,./0.png
15.7163237287371,38.2530173185564,,SCILLA - Scilla  (CSU),Centri storici ex DGR 44/2010,I537,5175.0000000000000000000000000000000,,,Centro storico,,5175.0000000000000000000000000000000,./0.png
16.328981906892,39.8888773832732,,SAN LORENZO BELLIZZI - San Lorenzo Bellizzi,Centri storici ex DGR 44/2010,H961,5113.0000000000000000000000000000000,,,Centro storico,,5113.0000000000000000000000000000000,./0.png
16.7439239388954,38.9060096126059,,SELLIA MARINA - Sellia Marina,Centri storici ex DGR 44/2010,I590,5219.0000000000000000000000000000000,,,Centro storico,,5219.0000000000000000000000000000000,./0.png
15.8236981711891,39.9288315416031,,AIETA - Aieta,Centri storici ex DGR 44/2010,A105,5059.0000000000000000000000000000000,,,Centro storico,,5059.0000000000000000000000000000000,./0.png
16.2188646446863,38.2723318615207,,GERACE - Gerace (CSU),Centri storici ex DGR 44/2010,D975,5149.0000000000000000000000000000000,,,Centro storico,,5149.0000000000000000000000000000000,./0.png
16.2595153314982,39.2892154040645,,COSENZA - Cosenza,Centri storici ex DGR 44/2010,D086,5082.0000000000000000000000000000000,,,Centro storico,,5082.0000000000000000000000000000000,./0.png
16.7877383484981,39.1130189753278,,PETILIA POLICASTRO - Petilia Policastro,Centri storici ex DGR 44/2010,G508,5129.0000000000000000000000000000000,,,Centro storico,,5129.0000000000000000000000000000000,./0.png
16.1192408533143,39.5568146305701,,SAN MARCO ARGENTANO - San Marco Argentano (CSU),Centri storici ex DGR 44/2010,H981,5115.0000000000000000000000000000000,,,Centro storico,,5115.0000000000000000000000000000000,./0.png
15.7614317769517,37.9538861745492,,MELITO DI PORTO SALVO - Melito Porto Salvo/Pentadattilo (CSU),Centri storici ex DGR 44/2010,F112,5157.0000000000000000000000000000000,,,Centro storico,,5157.0000000000000000000000000000000,./0.png
15.7239000645314,38.1860357913363,,CALANNA - Calanna (CSU),Centri storici ex DGR 44/2010,B379,5141.0000000000000000000000000000000,,,Centro storico,,5141.0000000000000000000000000000000,./0.png
16.2887650303977,38.6815606530499,,CAPISTRANO - Capistrano /Nicastrello,Centri storici ex DGR 44/2010,B655,5192.0000000000000000000000000000000,,,Centro storico,,5192.0000000000000000000000000000000,./0.png
16.4247353409686,38.8235033375123,,GIRIFALCO - Girifalco (CSU),Centri storici ex DGR 44/2010,E050,5208.0000000000000000000000000000000,,,Centro storico,,5208.0000000000000000000000000000000,./0.png
15.8491700265411,38.3585832986557,,PALMI - Palmi (CSU),Centri storici ex DGR 44/2010,G288,5163.0000000000000000000000000000000,,,Centro storico,,5163.0000000000000000000000000000000,./0.png
16.1462295415023,39.3396914098949,,SAN FILI - San Fili (CSU),Centri storici ex DGR 44/2010,H841,5111.0000000000000000000000000000000,,,Centro storico,,5111.0000000000000000000000000000000,./0.png
16.6638037983,39.0004661652914,,ZAGARISE - Zagarise,Centri storici ex DGR 44/2010,M140,5224.0000000000000000000000000000000,,,Centro storico,,5224.0000000000000000000000000000000,./0.png
15.9844631359663,38.3160157562012,,VARAPODIO - Varapodio (CSU),Centri storici ex DGR 44/2010,L673,5180.0000000000000000000000000000000,,,Centro storico,,5180.0000000000000000000000000000000,./0.png
16.3128240118975,39.8284358707093,,CIVITA - Civita,Centri storici ex DGR 44/2010,C763,5079.0000000000000000000000000000000,,,Centro storico,,5079.0000000000000000000000000000000,./0.png
16.1634094075956,38.7356277292356,,PIZZO - Pizzo Calabro  (CSU),Centri storici ex DGR 44/2010,G722,5195.0000000000000000000000000000000,,,Centro storico,,5195.0000000000000000000000000000000,./0.png
16.0830109436427,38.0130470831627,,BRUZZANO ZEFFIRIO - Bruzzano Zeffirio (CSU),Centri storici ex DGR 44/2010,B234,5140.0000000000000000000000000000000,,,Centro storico,,5140.0000000000000000000000000000000,./0.png
15.8166311967423,39.6781528685416,,DIAMANTE - Diamante  (CSU),Centri storici ex DGR 44/2010,D289,5083.0000000000000000000000000000000,,,Centro storico,,5083.0000000000000000000000000000000,./0.png
15.8613026430466,38.2638488512844,,SANT'EUFEMIA D'ASPROMONTE - S. Eufemia D¿Aspromonte  (CSU),Centri storici ex DGR 44/2010,I333,5172.0000000000000000000000000000000,,,Centro storico,,5172.0000000000000000000000000000000,./0.png
16.3636919276725,39.5683938838229,,SAN DEMETRIO CORONE - San Demetrio Corone,Centri storici ex DGR 44/2010,H818,5110.0000000000000000000000000000000,,,Centro storico,,5110.0000000000000000000000000000000,./0.png
16.1668561412723,39.116960032422,,AIELLO CALABRO - Aiello Calabro,Centri storici ex DGR 44/2010,A102,5058.0000000000000000000000000000000,,,Centro storico,,5058.0000000000000000000000000000000,./0.png
16.2652861157241,38.3643204851901,,GROTTERIA - Grotteria (CSU),Centri storici ex DGR 44/2010,E212,5152.0000000000000000000000000000000,,,Centro storico,,5152.0000000000000000000000000000000,./0.png
16.5521717201784,38.4534121783592,,MONASTERACE - Monasterace (CSU),Centri storici ex DGR 44/2010,F324,5158.0000000000000000000000000000000,,,Centro storico,,5158.0000000000000000000000000000000,./0.png
16.331922220303,38.5791041966042,,SERRA SAN BRUNO - Serra S. Bruno,Centri storici ex DGR 44/2010,I639,5196.0000000000000000000000000000000,,,Centro storico,,5196.0000000000000000000000000000000,./0.png
16.4816072977765,38.4183699281661,,RIACE - Riace  (CSU),Centri storici ex DGR 44/2010,H265,5168.0000000000000000000000000000000,,,Centro storico,,5168.0000000000000000000000000000000,./0.png
15.8181074168913,39.7172733541174,,DIAMANTE - Diamante/Cirella (CSU),Centri storici ex DGR 44/2010,D289,5078.0000000000000000000000000000000,,,Centro storico,,5078.0000000000000000000000000000000,./0.png
15.8992320118689,38.4260166215435,,GIOIA TAURO - Gioia Tauro (CSU),Centri storici ex DGR 44/2010,E041,5150.0000000000000000000000000000000,,,Centro storico,,5150.0000000000000000000000000000000,./0.png
17.0502871036948,39.2663507482923,,STRONGOLI - Strangoli,Centri storici ex DGR 44/2010,I982,5131.0000000000000000000000000000000,,,Centro storico,,5131.0000000000000000000000000000000,./0.png
16.6352998258475,39.5749345763824,,ROSSANO - Rossano (CSU),Centri storici ex DGR 44/2010,H579,5108.0000000000000000000000000000000,,,Centro storico,,5108.0000000000000000000000000000000,./0.png
16.3863752601865,39.490882473984,,ACRI - Acri  (CSU),Centri storici ex DGR 44/2010,A053,5057.0000000000000000000000000000000,,,Centro storico,,5057.0000000000000000000000000000000,./0.png
16.0680823975849,38.6068258403657,,MILETO - Mileto,Centri storici ex DGR 44/2010,F207,5188.0000000000000000000000000000000,,,Centro storico,,5188.0000000000000000000000000000000,./0.png
16.0819119152369,38.4905651045127,,LAUREANA DI BORRELLO - Laureana di Borrello (CSU),Centri storici ex DGR 44/2010,E479,5153.0000000000000000000000000000000,,,Centro storico,,5153.0000000000000000000000000000000,./0.png
16.09104963075,39.7244354833717,,ACQUAFORMOSA - Acquaformosa,Centri storici ex DGR 44/2010,A033,5056.0000000000000000000000000000000,,,Centro storico,,5056.0000000000000000000000000000000,./0.png
15.9873108403509,39.8878659674398,,MORMANNO - Mormanno,Centri storici ex DGR 44/2010,F735,5096.0000000000000000000000000000000,,,Centro storico,,5096.0000000000000000000000000000000,./0.png
16.316638509756,39.7846146507456,,CASSANO ALLO IONIO - Cassano allo Ionio,Centri storici ex DGR 44/2010,C002,5074.0000000000000000000000000000000,,,Centro storico,,5074.0000000000000000000000000000000,./0.png
16.3400139781098,39.3010213311967,,SPEZZANO DELLA SILA - Spezzano della Sila (CSU),Centri storici ex DGR 44/2010,I896,5120.0000000000000000000000000000000,,,Centro storico,,5120.0000000000000000000000000000000,./0.png
15.9994104744038,39.4660199124738,,GUARDIA PIEMONTESE - Guardia Piemontese (CSU),Centri storici ex DGR 44/2010,E242,5087.0000000000000000000000000000000,,,Centro storico,,5087.0000000000000000000000000000000,./0.png
15.976366769154,38.4872930297527,,ROSARNO - Rosarno (CSU),Centri storici ex DGR 44/2010,H558,5171.0000000000000000000000000000000,,,Centro storico,,5171.0000000000000000000000000000000,./0.png
15.6947239485667,38.0027426472473,,MOTTA SAN GIOVANNI - Motta San Giovanni  (CSU),Centri storici ex DGR 44/2010,F779,5160.0000000000000000000000000000000,,,Centro storico,,5160.0000000000000000000000000000000,./0.png
16.4521809225398,38.4829635866633,,BIVONGI - Bivongi (CSU),Centri storici ex DGR 44/2010,A897,5137.0000000000000000000000000000000,,,Centro storico,,5137.0000000000000000000000000000000,./0.png
15.901214836021,39.5856325562745,,BONIFATI - Bonifati (CSU),Centri storici ex DGR 44/2010,A973,5068.0000000000000000000000000000000,,,Centro storico,,5068.0000000000000000000000000000000,./0.png
16.7871741318457,39.0191849013983,,BELCASTRO - Belcastro,Centri storici ex DGR 44/2010,A736,5201.0000000000000000000000000000000,,,Centro storico,,5201.0000000000000000000000000000000,./0.png
16.1293192990647,39.698607434809,,ALTOMONTE - Altomonte  (CSU),Centri storici ex DGR 44/2010,A240,5060.0000000000000000000000000000000,,,Centro storico,,5060.0000000000000000000000000000000,./0.png
15.9742544615723,39.9544589144229,,LAINO BORGO - Laino Borgo,Centri storici ex DGR 44/2010,E417,5088.0000000000000000000000000000000,,,Centro storico,,5088.0000000000000000000000000000000,./0.png
16.0873390860209,38.0392153851267,,FERRUZZANO - Ferruzzano (CSU),Centri storici ex DGR 44/2010,D557,5148.0000000000000000000000000000000,,,Centro storico,,5148.0000000000000000000000000000000,./0.png
16.6287797676692,39.0130346689165,,MAGISANO - Magisano,Centri storici ex DGR 44/2010,E806,5210.0000000000000000000000000000000,,,Centro storico,,5210.0000000000000000000000000000000,./0.png
16.0740107278268,39.1308911718023,,AMANTEA - Amantea  (CSU),Centri storici ex DGR 44/2010,A253,5061.0000000000000000000000000000000,,,Centro storico,,5061.0000000000000000000000000000000,./0.png
16.051200996734,38.0708713637095,,SAMO - Samo/Precacore,Centri storici ex DGR 44/2010,H013,5166.0000000000000000000000000000000,,,Centro storico,,5166.0000000000000000000000000000000,./0.png
16.7535389540111,39.2127683485429,,SAN GIOVANNI IN FIORE - S.Giovanni in Fiore/ Carello (CSU),Centri storici ex DGR 44/2010,H919,5071.0000000000000000000000000000000,,,Centro storico,,5071.0000000000000000000000000000000,./0.png
16.9463956992497,39.4964140233211,,CARIATI - Cariati   (CSU),Centri storici ex DGR 44/2010,B774,5072.0000000000000000000000000000000,,,Centro storico,,5072.0000000000000000000000000000000,./0.png
15.9804508622624,38.0641016811845,,AFRICO - Africo (CSU),Centri storici ex DGR 44/2010,A065,5133.0000000000000000000000000000000,,,Centro storico,,5133.0000000000000000000000000000000,./0.png
16.1658750338967,38.1926717264226,,ARDORE - Ardore (CSU),Centri storici ex DGR 44/2010,A385,5134.0000000000000000000000000000000,,,Centro storico,,5134.0000000000000000000000000000000,./0.png
16.3146545670944,38.6532561798971,,TORRE DI RUGGIERO - Torre di Ruggiero,Centri storici ex DGR 44/2010,L240,5223.0000000000000000000000000000000,,,Centro storico,,5223.0000000000000000000000000000000,./0.png
16.139697335743,38.2465510049911,,CIMINA' - Ciminà (CSU),Centri storici ex DGR 44/2010,C695,5144.0000000000000000000000000000000,,,Centro storico,,5144.0000000000000000000000000000000,./0.png
16.3825542100862,39.8595016219245,,CERCHIARA DI CALABRIA - Cerchiara di Calabria,Centri storici ex DGR 44/2010,C489,5076.0000000000000000000000000000000,,,Centro storico,,5076.0000000000000000000000000000000,./0.png
15.8051293698983,39.941116120433,,TORTORA - Tortora,Centri storici ex DGR 44/2010,L305,5122.0000000000000000000000000000000,,,Centro storico,,5122.0000000000000000000000000000000,./0.png
16.7828128158947,38.9678470404088,,CROPANI - Cropani,Centri storici ex DGR 44/2010,D181,5206.0000000000000000000000000000000,,,Centro storico,,5206.0000000000000000000000000000000,./0.png
16.2408290107197,38.3631670414707,,MAMMOLA - Mammola (CSU),Centri storici ex DGR 44/2010,E873,5155.0000000000000000000000000000000,,,Centro storico,,5155.0000000000000000000000000000000,./0.png
16.5784575802668,40.1095654241832,,ROCCA IMPERIALE - Rocca Imperiale,Centri storici ex DGR 44/2010,H416,5104.0000000000000000000000000000000,,,Centro storico,,5104.0000000000000000000000000000000,./0.png
16.0406286626908,39.3611194093532,,PAOLA - Paola  (CSU),Centri storici ex DGR 44/2010,G317,5099.0000000000000000000000000000000,,,Centro storico,,5099.0000000000000000000000000000000,./0.png
17.0939085191582,38.9607048726121,,ISOLA DI CAPO RIZZUTO - Isola Capo Rizzuto,Centri storici ex DGR 44/2010,E339,5128.0000000000000000000000000000000,,,Centro storico,,5128.0000000000000000000000000000000,./0.png
16.3649377348924,38.8577835777169,,MAIDA - Maida,Centri storici ex DGR 44/2010,E834,5211.0000000000000000000000000000000,,,Centro storico,,5211.0000000000000000000000000000000,./0.png
16.1357339461422,39.8435130992878,,MORANO CALABRO - Morano Calabro  (CSU),Centri storici ex DGR 44/2010,F708,5095.0000000000000000000000000000000,,,Centro storico,,5095.0000000000000000000000000000000,./0.png
15.9392706186673,39.517501848086,,CETRARO - Cetraro,Centri storici ex DGR 44/2010,C588,5077.0000000000000000000000000000000,,,Centro storico,,5077.0000000000000000000000000000000,./0.png
16.0663054945074,39.235865124545,,FIUMEFREDDO BRUZIO - Fiumefreddo Bruzio (CSU),Centri storici ex DGR 44/2010,D624,5085.0000000000000000000000000000000,,,Centro storico,,5085.0000000000000000000000000000000,./0.png
16.6109946999741,39.4497395385268,,LONGOBUCCO - Longobucco  (CSU),Centri storici ex DGR 44/2010,E678,5090.0000000000000000000000000000000,,,Centro storico,,5090.0000000000000000000000000000000,./0.png
15.8868696786262,38.0165917510728,,CONDOFURI - Condofuri/Gallicianò (CSU),Centri storici ex DGR 44/2010,C954,5146.0000000000000000000000000000000,,,Centro storico,,5146.0000000000000000000000000000000,./0.png
16.4706234701005,38.4178504552073,,STIGNANO - Stignano (CSU),Centri storici ex DGR 44/2010,I955,5178.0000000000000000000000000000000,,,Centro storico,,5178.0000000000000000000000000000000,./0.png
15.758855425309,37.9811573947021,,MONTEBELLO IONICO - Montebello (CSU),Centri storici ex DGR 44/2010,D746,5159.0000000000000000000000000000000,,,Centro storico,,5159.0000000000000000000000000000000,./0.png
16.0322625737224,38.7253698387611,,BRIATICO - Briatico (CSU),Centri storici ex DGR 44/2010,B169,5181.0000000000000000000000000000000,,,Centro storico,,5181.0000000000000000000000000000000,./0.png
15.9391256610445,38.5517166979429,,NICOTERA - Nicotera  (CSU),Centri storici ex DGR 44/2010,F888,5193.0000000000000000000000000000000,,,Centro storico,,5193.0000000000000000000000000000000,./0.png
16.3210919935305,39.177108932489,,ROGLIANO - Rogliano (CSU),Centri storici ex DGR 44/2010,H490,5105.0000000000000000000000000000000,,,Centro storico,,5105.0000000000000000000000000000000,./0.png
17.0638219946297,39.3806698065567,,CIRO' - Cirò  (CSU),Centri storici ex DGR 44/2010,C725,5126.0000000000000000000000000000000,,,Centro storico,,5126.0000000000000000000000000000000,./0.png
15.9842970688683,38.2910355484059,,OPPIDO MAMERTINA - Oppido Mamertina (CSU),Centri storici ex DGR 44/2010,G082,5161.0000000000000000000000000000000,,,Centro storico,,5161.0000000000000000000000000000000,./0.png
15.8949810331455,38.5862531949476,,JOPPOLO - Ioppolo (CSU),Centri storici ex DGR 44/2010,E389,5187.0000000000000000000000000000000,,,Centro storico,,5187.0000000000000000000000000000000,./0.png
16.2881156085651,38.719063905629,,MONTEROSSO CALABRO - Monterosso Calabro,Centri storici ex DGR 44/2010,F607,5190.0000000000000000000000000000000,,,Centro storico,,5190.0000000000000000000000000000000,./0.png
16.8890448173699,39.4479602444293,,SCALA COELI - Scala Coeli,Centri storici ex DGR 44/2010,I485,5118.0000000000000000000000000000000,,,Centro storico,,5118.0000000000000000000000000000000,./0.png
16.1812294064005,39.3316104611108,,RENDE - Rende (CSU),Centri storici ex DGR 44/2010,H235,5103.0000000000000000000000000000000,,,Centro storico,,5103.0000000000000000000000000000000,./0.png
16.524343073805,38.5685106338855,,BADOLATO - Badolato,Centri storici ex DGR 44/2010,A542,5200.0000000000000000000000000000000,,,Centro storico,,5200.0000000000000000000000000000000,./0.png
16.2001389181913,38.3153318381971,,CANOLO - Canolo vecchio (CSU),Centri storici ex DGR 44/2010,B617,5142.0000000000000000000000000000000,,,Centro storico,,5142.0000000000000000000000000000000,./0.png
16.3421377637863,39.6573657083665,,TERRANOVA DA SIBARI - Terranova da Sibari,Centri storici ex DGR 44/2010,L124,5121.0000000000000000000000000000000,,,Centro storico,,5121.0000000000000000000000000000000,./0.png
16.2662106884066,38.2898813571293,,SIDERNO - Siderno Superiore (CSU),Centri storici ex DGR 44/2010,I725,5176.0000000000000000000000000000000,,,Centro storico,,5176.0000000000000000000000000000000,./0.png
16.2646087884018,38.2364215577315,,LOCRI - Locri  (CSU),Centri storici ex DGR 44/2010,D976,5154.0000000000000000000000000000000,,,Centro storico,,5154.0000000000000000000000000000000,./0.png
16.4550361335464,39.8456862781239,,VILLAPIANA - Villapiana,Centri storici ex DGR 44/2010,B903,5123.0000000000000000000000000000000,,,Centro storico,,5123.0000000000000000000000000000000,./0.png
16.1067078059308,38.3866522072313,,SAN GIORGIO MORGETO - S.Giorgio Morgeto (CSU),Centri storici ex DGR 44/2010,H889,5174.0000000000000000000000000000000,,,Centro storico,,5174.0000000000000000000000000000000,./0.png
15.8376549240683,39.7485699944279,,SANTA MARIA DEL CEDRO - S. Maria del Cedro(CSU),Centri storici ex DGR 44/2010,C717,5109.0000000000000000000000000000000,,,Centro storico,,5109.0000000000000000000000000000000,./0.png
16.6982362809624,39.2560979808858,,SAN GIOVANNI IN FIORE - San Giovanni in Fiore,Centri storici ex DGR 44/2010,H919,5112.0000000000000000000000000000000,,,Centro storico,,5112.0000000000000000000000000000000,./0.png
15.9051349921158,39.8717332064162,,PAPASIDERO - Papasidero,Centri storici ex DGR 44/2010,G320,5100.0000000000000000000000000000000,,,Centro storico,,5100.0000000000000000000000000000000,./0.png
16.0910657300461,39.2754718035844,,FALCONARA ALBANESE - Falconara Albanese (CSU),Centri storici ex DGR 44/2010,D473,5084.0000000000000000000000000000000,,,Centro storico,,5084.0000000000000000000000000000000,./0.png
16.2053250374842,39.8121147693499,,CASTROVILLARI - Castrovillari (CSU),Centri storici ex DGR 44/2010,C349,5075.0000000000000000000000000000000,,,Centro storico,,5075.0000000000000000000000000000000,./0.png
16.7537940784287,39.4175984603259,,BOCCHIGLIERO - Bocchigliero,Centri storici ex DGR 44/2010,A912,5067.0000000000000000000000000000000,,,Centro storico,,5067.0000000000000000000000000000000,./0.png
16.285555326408,39.4460440472738,,LUZZI - Luzzi  (CSU),Centri storici ex DGR 44/2010,E773,5091.0000000000000000000000000000000,,,Centro storico,,5091.0000000000000000000000000000000,./0.png
16.5109722826799,38.7484933107185,,MONTAURO - Montauro,Centri storici ex DGR 44/2010,F432,5212.0000000000000000000000000000000,,,Centro storico,,5212.0000000000000000000000000000000,./0.png
16.1019314458367,38.6760900746794,,VIBO VALENTIA - Vibo Valentia  (CSU),Centri storici ex DGR 44/2010,F537,5199.0000000000000000000000000000000,,,Centro storico,,5199.0000000000000000000000000000000,./0.png
16.2912750285509,38.7840000984095,,FILADELFIA - Filadelfia (CSU),Centri storici ex DGR 44/2010,D587,5184.0000000000000000000000000000000,,,Centro storico,,5184.0000000000000000000000000000000,./0.png
16.4087696272594,38.3818428876516,,CAULONIA - Caulonia  (CSU),Centri storici ex DGR 44/2010,C285,5164.0000000000000000000000000000000,,,Centro storico,,5164.0000000000000000000000000000000,./0.png
16.4471211296793,40.0533071601504,,ORIOLO - Oriolo,Centri storici ex DGR 44/2010,G110,5097.0000000000000000000000000000000,,,Centro storico,,5097.0000000000000000000000000000000,./0.png
15.8335042188879,38.0111419601294,,SAN LORENZO - S. Lorenzo (CSU),Centri storici ex DGR 44/2010,H959,5173.0000000000000000000000000000000,,,Centro storico,,5173.0000000000000000000000000000000,./0.png
16.3198301143596,38.5136283268749,,MONGIANA - Mongiana,Centri storici ex DGR 44/2010,F364,5189.0000000000000000000000000000000,,,Centro storico,,5189.0000000000000000000000000000000,./0.png
15.9165399423761,38.0490167543928,,ROGHUDI - Roghudi Vecchio (CSU),Centri storici ex DGR 44/2010,H489,5170.0000000000000000000000000000000,,,Centro storico,,5170.0000000000000000000000000000000,./0.png
16.0328734440326,38.0005922546582,,STAITI - Staiti (CSU),Centri storici ex DGR 44/2010,I936,5177.0000000000000000000000000000000,,,Centro storico,,5177.0000000000000000000000000000000,./0.png
16.5817081819221,39.0101323325356,,FOSSATO SERRALTA - FossatoSerralta/Savuci,Centri storici ex DGR 44/2010,D744,5217.0000000000000000000000000000000,,,Centro storico,,5217.0000000000000000000000000000000,./0.png
16.0080963046064,37.984422418727,,PALIZZI - Palizzi/Pietrapennata   (CSU),Centri storici ex DGR 44/2010,G277,5162.0000000000000000000000000000000,,,Centro storico,,5162.0000000000000000000000000000000,./0.png
15.6503245393869,38.1147085890767,,REGGIO DI CALABRIA - Reggio Calabria  (CSU),Centri storici ex DGR 44/2010,H224,5167.0000000000000000000000000000000,,,Centro storico,,5167.0000000000000000000000000000000,./0.png
16.3165195080963,38.973103318894,,LAMEZIA TERME - Lamezia Terme/ Nicastro    (CSU),Centri storici ex DGR 44/2010,M208,5213.0000000000000000000000000000000,,,Centro storico,,5213.0000000000000000000000000000000,./0.png
15.9111511077806,38.6646381982317,,DRAPIA - Drapia (CSU),Centri storici ex DGR 44/2010,D364,5183.0000000000000000000000000000000,,,Centro storico,,5183.0000000000000000000000000000000,./0.png
16.7824281316415,39.2275569120331,,CACCURI - Caccuri,Centri storici ex DGR 44/2010,B319,5125.0000000000000000000000000000000,,,Centro storico,,5125.0000000000000000000000000000000,./0.png
15.8623665842738,39.6193372989013,,BELVEDERE MARITTIMO - Belvedere Marittimo (CSU),Centri storici ex DGR 44/2010,A773,5065.0000000000000000000000000000000,,,Centro storico,,5065.0000000000000000000000000000000,./0.png
15.8975860205422,38.6782785399743,,TROPEA - Tropea,Centri storici ex DGR 44/2010,L452,5198.0000000000000000000000000000000,,,Centro storico,,5198.0000000000000000000000000000000,./0.png
16.340673449813,39.2614129138087,,PIETRAFITTA - Pietrafitta,Centri storici ex DGR 44/2010,G615,5101.0000000000000000000000000000000,,,Centro storico,,5101.0000000000000000000000000000000,./0.png
16.9157138206406,39.1480892469943,,SANTA SEVERINA - Santa Severina,Centri storici ex DGR 44/2010,I308,5130.0000000000000000000000000000000,,,Centro storico,,5130.0000000000000000000000000000000,./0.png
16.518283458622,39.5963443539171,,CORIGLIANO CALABRO - Corigliano Calabro,Centri storici ex DGR 44/2010,D005,5081.0000000000000000000000000000000,,,Centro storico,,5081.0000000000000000000000000000000,./0.png
15.9318936647864,37.9951900974427,,BOVA - Bova  (CSU),Centri storici ex DGR 44/2010,B097,5138.0000000000000000000000000000000,,,Centro storico,,5138.0000000000000000000000000000000,./0.png
16.1468525639631,38.528643449212,,DINAMI - Dinami,Centri storici ex DGR 44/2010,D303,5182.0000000000000000000000000000000,,,Centro storico,,5182.0000000000000000000000000000000,./0.png
16.2878741855181,39.3984172043062,,ROSE - Rose (CSU),Centri storici ex DGR 44/2010,H565,5106.0000000000000000000000000000000,,,Centro storico,,5106.0000000000000000000000000000000,./0.png
16.5798214059475,39.0213580974563,,TAVERNA - Taverna,Centri storici ex DGR 44/2010,L070,5221.0000000000000000000000000000000,,,Centro storico,,5221.0000000000000000000000000000000,./0.png
15.9920988693385,38.0563433277865,,AFRICO - Africo/Casalinuovo,Centri storici ex DGR 44/2010,A065,5143.0000000000000000000000000000000,,,Centro storico,,5143.0000000000000000000000000000000,./0.png
15.8808403969067,38.303817172314,,MELICUCCA' - Melicuccà   (CSU),Centri storici ex DGR 44/2010,F105,5156.0000000000000000000000000000000,,,Centro storico,,5156.0000000000000000000000000000000,./0.png
15.779431514932,39.8983060797787,,PRAIA A MARE - Praia a Mare (CSU),Centri storici ex DGR 44/2010,G975,5102.0000000000000000000000000000000,,,Centro storico,,5102.0000000000000000000000000000000,./0.png
15.7917468605334,39.8167283817041,,SCALEA - Scalea   (CSU),Centri storici ex DGR 44/2010,I489,5119.0000000000000000000000000000000,,,Centro storico,,5119.0000000000000000000000000000000,./0.png
16.6288085819284,38.9815602556703,,SELLIA - Sellia,Centri storici ex DGR 44/2010,I589,5218.0000000000000000000000000000000,,,Centro storico,,5218.0000000000000000000000000000000,./0.png
15.8087538251916,38.2873663077609,,BAGNARA CALABRA - Bagnara Calabra   (CSU),Centri storici ex DGR 44/2010,A552,5136.0000000000000000000000000000000,,,Centro storico,,5136.0000000000000000000000000000000,./0.png
16.3026361338741,38.3375788758871,,GIOIOSA IONICA - Gioiosa Jonica (CSU),Centri storici ex DGR 44/2010,E044,5151.0000000000000000000000000000000,,,Centro storico,,5151.0000000000000000000000000000000,./0.png
16.1585044705857,39.0908038440247,,CLETO - Cleto,Centri storici ex DGR 44/2010,C795,5080.0000000000000000000000000000000,,,Centro storico,,5080.0000000000000000000000000000000,./0.png
