X,Y,DATA_CREAZ,DENOM_CORR,DENOM_ATTO,ENTE,ID_REG_BEN,NOTE_BENE,RIFER_LEGG,TIPO_BENE,SE_SDO_ROW,icon_url
16.3779722243761,39.4876666651967,2004/01/22,ACRI - Castello Via Castello (ACRI),DL 22/01/2004,A053,1236.0000000000000000000000000000000,Rudere,LR 12/04/1990 N. 42,Fortificazione,1236.0000000000000000000000000000000,./0.png
16.6075874407694,39.0366971572771,2004/01/22,ALBI - Castello Taverna Vecchia (ALBI),DL 22/01/2004,A155,1101.0000000000000000000000000000000,Rudere. Non vi è corrispondenza geografica.,LR 12/04/1990 N. 42,Fortificazione,1101.0000000000000000000000000000000,./0.png
16.5696944453067,39.9084444450222,2004/01/22,ALBIDONA - Torre Piano di Monaci (ALBIDONA),DL 22/01/2004,A160,1239.0000000000000000000000000000000,Conservato,LR 12/04/1990 N. 42,Fortificazione,1239.0000000000000000000000000000000,./0.png
16.4619444452753,38.942111108782,2004/01/22,AMATO - Castello VIA GUGLIELMO MARCONI (AMATO),DL 22/01/2004,A257,1012.0000000000000000000000000000000,Rudere Integrato,LR 12/04/1990 N. 42,Fortificazione,1012.0000000000000000000000000000000,./0.png
16.7865000036355,39.0165555579282,2004/01/22,BELCASTRO - Castello Di S. Tommaso (BELCASTRO),DL 22/01/2004,A736,1016.0000000000000000000000000000000,Rudere,LR 12/04/1990 N. 42,Fortificazione,1016.0000000000000000000000000000000,./0.png
16.4065684350674,39.7583151972173,2004/01/22,CASSANO ALLO IONIO - Torre Di Milone (cinta muraria) (CASSANO ALLO IONIO),DL 22/01/2004,C002,1261.0000000000000000000000000000000,Rudere. Non vi è corrispondenza geografica.,LR 12/04/1990 N. 42,Fortificazione,1261.0000000000000000000000000000000,./0.png
16.3235555548156,39.7852500027525,2004/01/22,CASSANO ALLO IONIO - Castello Pietra Castello (CASSANO ALLO IONIO),DL 22/01/2004,C002,1259.0000000000000000000000000000000,Rudere,LR 12/04/1990 N. 42,Fortificazione,1259.0000000000000000000000000000000,./0.png
16.4065684350674,39.7583151972173,2004/01/22,CASSANO ALLO IONIO - Castello Bufolaria (CASSANO ALLO IONIO),DL 22/01/2004,C002,1260.0000000000000000000000000000000,Rudere. Non vi è corrispondenza geografica.,LR 12/04/1990 N. 42,Fortificazione,1260.0000000000000000000000000000000,./0.png
16.4045000040797,38.3834444436505,2004/01/22,CAULONIA - Castello  (CAULONIA),DL 22/01/2004,C285,1162.0000000000000000000000000000000,Rudere,LR 12/04/1990 N. 42,Fortificazione,1162.0000000000000000000000000000000,./0.png
16.4673333353477,38.34108333705,2004/01/22,CAULONIA - Torre Camillari (CAULONIA),DL 22/01/2004,C285,1164.0000000000000000000000000000000,Conservato,LR 12/04/1990 N. 42,Fortificazione,1164.0000000000000000000000000000000,./0.png
16.3993030650964,38.4050837973286,2004/01/22,CAULONIA - Bastioni  (CAULONIA),DL 22/01/2004,C285,1163.0000000000000000000000000000000,Rudere. Non vi è corrispondenza geografica.,LR 12/04/1990 N. 42,Fortificazione,1163.0000000000000000000000000000000,./0.png
16.419638889779,39.8280833345388,2004/01/22,CERCHIARA DI CALABRIA - Torre Palazzo della Piana (CERCHIARA DI CALABRIA),DL 22/01/2004,C489,1266.0000000000000000000000000000000,Conservato Integrato,LR 12/04/1990 N. 42,Fortificazione,1266.0000000000000000000000000000000,./0.png
16.3804722179566,39.8584444473891,2004/01/22,CERCHIARA DI CALABRIA - Castello Via Monterello (CERCHIARA DI CALABRIA),DL 22/01/2004,C489,1265.0000000000000000000000000000000,Rudere,LR 12/04/1990 N. 42,Fortificazione,1265.0000000000000000000000000000000,./0.png
16.5175000057448,39.5962222182999,2004/01/22,CORIGLIANO CALABRO - Castello Ducale (CORIGLIANO CALABRO),DL 22/01/2004,D005,1273.0000000000000000000000000000000,Conservato Restaurato,LR 12/04/1990 N. 42,Fortificazione,1273.0000000000000000000000000000000,./0.png
16.5172222217577,39.5966666706927,2004/01/22,CORIGLIANO CALABRO - Torre Schiavonea (CORIGLIANO CALABRO),DL 22/01/2004,D005,1275.0000000000000000000000000000000,Conservato Restaurato,LR 12/04/1990 N. 42,Fortificazione,1275.0000000000000000000000000000000,./0.png
16.4767499993265,39.6974444452748,2004/01/22,CORIGLIANO CALABRO - Torre Del Ferro (o del Cupo) (CORIGLIANO CALABRO),DL 22/01/2004,D005,1276.0000000000000000000000000000000,Rudere,LR 12/04/1990 N. 42,Fortificazione,1276.0000000000000000000000000000000,./0.png
16.4545277799401,39.6528333290105,2004/01/22,CORIGLIANO CALABRO - Castello S. Mauro (CORIGLIANO CALABRO),DL 22/01/2004,D005,1274.0000000000000000000000000000000,Rudere,LR 12/04/1990 N. 42,Fortificazione,1274.0000000000000000000000000000000,./0.png
17.1872499945276,39.0179166708964,2004/01/22,CROTONE - Torre Di Scifo (CROTONE),DL 22/01/2004,D122,1047.0000000000000000000000000000000,Conservato,LR 12/04/1990 N. 42,Fortificazione,1047.0000000000000000000000000000000,./0.png
17.1045728501039,39.1082133155183,2004/01/22,CROTONE - Torre Di Capocolonna (CROTONE),DL 22/01/2004,D122,1046.0000000000000000000000000000000,Conservato. Non vi è corrispondenza geografica.,LR 12/04/1990 N. 42,Fortificazione,1046.0000000000000000000000000000000,./0.png
17.2054166615756,39.028555557516,2004/01/22,CROTONE - Torre Di Mariello o Nao (CROTONE),DL 22/01/2004,D122,1048.0000000000000000000000000000000,,LR 12/04/1990 N. 42,Fortificazione,1048.0000000000000000000000000000000,./0.png
17.1318055541107,39.0813611099741,2004/01/22,CROTONE - Castello Detto di Carlo V (CROTONE),DL 22/01/2004,D122,1045.0000000000000000000000000000000,Conservato Restaurato,LR 12/04/1990 N. 42,Fortificazione,1045.0000000000000000000000000000000,./0.png
16.9838055518401,38.9526111102481,2004/01/22,CUTRO - Torre Di S. Leonardo (CUTRO),DL 22/01/2004,D236,1054.0000000000000000000000000000000,Rudere,LR 12/04/1990 N. 42,Fortificazione,1054.0000000000000000000000000000000,./0.png
16.4864146153255,38.6412023929565,2004/01/22,DAVOLI - Palazzo fortificato Loc.Felluso (DAVOLI),DL 22/01/2004,D257,1055.0000000000000000000000000000000,Non vi è corrispondenza geografica.,LR 12/04/1990 N. 42,Fortificazione,1055.0000000000000000000000000000000,./0.png
16.4864146153255,38.6412023929565,2004/01/22,DAVOLI - Torre Loc. Ravaschieri (DAVOLI),DL 22/01/2004,D257,1056.0000000000000000000000000000000,Non vi è corrispondenza geografica.,LR 12/04/1990 N. 42,Fortificazione,1056.0000000000000000000000000000000,./0.png
16.3887222166979,38.9634722263134,2004/01/22,FEROLETO ANTICO - Castello  (FEROLETO ANTICO),DL 22/01/2004,D544,1058.0000000000000000000000000000000,Rudere,LR 12/04/1990 N. 42,Fortificazione,1058.0000000000000000000000000000000,./0.png
16.43427231019,38.8011007032718,2004/01/22,GIRIFALCO - Palazzo fort.  (GIRIFALCO),DL 22/01/2004,E050,1062.0000000000000000000000000000000,Rudere Integrato. Non vi è corrispondenza geografica.,LR 12/04/1990 N. 42,Fortificazione,1062.0000000000000000000000000000000,./0.png
16.4944993664307,38.513153343709,2004/01/22,GUARDAVALLE - Palazzo fort. Casa Toscano (GUARDAVALLE),DL 22/01/2004,E239,1065.0000000000000000000000000000000,Rudere Integrato. Non vi è corrispondenza geografica.,LR 12/04/1990 N. 42,Fortificazione,1065.0000000000000000000000000000000,./0.png
16.4944993664307,38.513153343709,2004/01/22,GUARDAVALLE - Torre Camminisi (GUARDAVALLE),DL 22/01/2004,E239,1066.0000000000000000000000000000000,Non vi è corrispondenza geografica.,LR 12/04/1990 N. 42,Fortificazione,1066.0000000000000000000000000000000,./0.png
15.9011111055423,38.6463055554542,2004/01/22,DRAPIA - Castello Caria (Galluppi) (DRAPIA),DL 22/01/2004,D364,1057.0000000000000000000000000000000,Conservato Restaurato,LR 12/04/1990 N. 42,Fortificazione,1057.0000000000000000000000000000000,./0.png
16.1757801064029,38.9944257950587,2004/01/22,FALERNA - Torre Del Lupo (FALERNA),DL 22/01/2004,D476,1033.0000000000000000000000000000000,Rudere. Non vi è corrispondenza geografica.,LR 12/04/1990 N. 42,Fortificazione,1033.0000000000000000000000000000000,./0.png
16.1589722255231,38.9806388844948,2004/01/22,FALERNA - Castello Castiglione marittimo (FALERNA),DL 22/01/2004,D476,1032.0000000000000000000000000000000,Rudere,LR 12/04/1990 N. 42,Fortificazione,1032.0000000000000000000000000000000,./0.png
16.0983695875417,38.0274409183129,2004/01/22,FERRUZZANO - Torre Capo Bruzzano (FERRUZZANO),DL 22/01/2004,D557,1170.0000000000000000000000000000000,Rudere. Non vi è corrispondenza geografica.,LR 12/04/1990 N. 42,Fortificazione,1170.0000000000000000000000000000000,./0.png
16.0983695875417,38.0274409183129,2004/01/22,FERRUZZANO - Torre Scalo ferrovia (FERRUZZANO),DL 22/01/2004,D557,1171.0000000000000000000000000000000,Rudere. Non vi è corrispondenza geografica.,LR 12/04/1990 N. 42,Fortificazione,1171.0000000000000000000000000000000,./0.png
16.3096954360206,38.7927892687311,2004/01/22,FILADELFIA - Castello Castelmenando (FILADELFIA),DL 22/01/2004,D587,1059.0000000000000000000000000000000,Rudere. Non vi è corrispondenza geografica.,LR 12/04/1990 N. 42,Fortificazione,1059.0000000000000000000000000000000,./0.png
16.2503784029416,38.7794854974591,2004/01/22,FRANCAVILLA ANGITOLA - Castello Chiesa Matrice (FRANCAVILLA ANGITOLA),DL 22/01/2004,D762,1060.0000000000000000000000000000000,Rudere Integrato. Non vi è corrispondenza geografica.,LR 12/04/1990 N. 42,Fortificazione,1060.0000000000000000000000000000000,./0.png
16.1224417189952,38.6168761958337,2004/01/22,FRANCICA - Torre Mutari (FRANCICA),DL 22/01/2004,D767,1061.0000000000000000000000000000000,Rudere. Non vi è corrispondenza geografica.,LR 12/04/1990 N. 42,Fortificazione,1061.0000000000000000000000000000000,./0.png
16.2156944394437,38.2733055536358,2004/01/22,GERACE - Castello G. superiore (GERACE),DL 22/01/2004,D975,1172.0000000000000000000000000000000,Rudere,LR 12/04/1990 N. 42,Fortificazione,1172.0000000000000000000000000000000,./0.png
15.9208176622459,38.4265580404716,2004/01/22,GIOIA TAURO - Castello  (GIOIA TAURO),DL 22/01/2004,E041,1173.0000000000000000000000000000000,Traccia storica. Non vi è corrispondenza geografica.,LR 12/04/1990 N. 42,Fortificazione,1173.0000000000000000000000000000000,./0.png
16.1916343740987,38.9684226922504,2004/01/22,GIZZERIA - Torre Spineto (GIZZERIA),DL 22/01/2004,E068,1063.0000000000000000000000000000000,Non vi è corrispondenza geografica.,LR 12/04/1990 N. 42,Fortificazione,1063.0000000000000000000000000000000,./0.png
16.165722223552,38.9536944443841,2004/01/22,GIZZERIA - Torre Capo Suvero (Scapuzzata) (GIZZERIA),DL 22/01/2004,E068,1064.0000000000000000000000000000000,Rudere,LR 12/04/1990 N. 42,Fortificazione,1064.0000000000000000000000000000000,./0.png
16.2641666635894,38.3647499992093,2004/01/22,GROTTERIA - Castello Castello (GROTTERIA),DL 22/01/2004,E212,1177.0000000000000000000000000000000,Rudere,LR 12/04/1990 N. 42,Fortificazione,1177.0000000000000000000000000000000,./0.png
15.9011944448694,38.5660555568581,2004/01/22,JOPPOLO - Torre Parnaso (Agnone) (JOPPOLO),DL 22/01/2004,E389,1067.0000000000000000000000000000000,Rudere,LR 12/04/1990 N. 42,Fortificazione,1067.0000000000000000000000000000000,./0.png
15.8948278522995,38.5902533894539,2004/01/22,JOPPOLO - Castello  (JOPPOLO),DL 22/01/2004,E389,1068.0000000000000000000000000000000,Traccia storica. Non vi è corrispondenza geografica.,LR 12/04/1990 N. 42,Fortificazione,1068.0000000000000000000000000000000,./0.png
16.2912200523424,38.9356716919455,2004/01/22,LAMEZIA TERME - Casa fortificata Nicastro (LAMEZIA TERME),DL 22/01/2004,M208,1082.0000000000000000000000000000000,Traccia storica. Non vi è corrispondenza geografica.,LR 12/04/1990 N. 42,Fortificazione,1082.0000000000000000000000000000000,./0.png
16.3239166691171,38.9814444461379,2004/01/22,LAMEZIA TERME - Castello Rione Castello in Nicastro (LAMEZIA TERME),DL 22/01/2004,M208,1081.0000000000000000000000000000000,Rudere,LR 12/04/1990 N. 42,Fortificazione,1081.0000000000000000000000000000000,./0.png
16.2912200523424,38.9356716919455,2004/01/22,LAMEZIA TERME - Torre Bastione di Malta in S. Eufemia Lam. (LAMEZIA TERME),DL 22/01/2004,M208,1100.0000000000000000000000000000000,Conservato. Non vi è corrispondenza geografica.,LR 12/04/1990 N. 42,Fortificazione,1100.0000000000000000000000000000000,./0.png
16.0843617864796,38.4979964206063,2004/01/22,LAUREANA DI BORRELLO - Castello Borrello (LAUREANA DI BORRELLO),DL 22/01/2004,E479,1178.0000000000000000000000000000000,Traccia storica. Non vi è corrispondenza geografica.,LR 12/04/1990 N. 42,Fortificazione,1178.0000000000000000000000000000000,./0.png
16.2163783153467,38.729998235583,2004/01/22,MAIERATO - Castello La Rocca (MAIERATO),DL 22/01/2004,E836,1076.0000000000000000000000000000000,Traccia storica. Non vi è corrispondenza geografica.,LR 12/04/1990 N. 42,Fortificazione,1076.0000000000000000000000000000000,./0.png
15.8819722176099,38.3019444432159,2004/01/22,MELICUCCA' - Castello Via Castello (MELICUCCA''),DL 22/01/2004,F105,1179.0000000000000000000000000000000,Rudere,LR 12/04/1990 N. 42,Fortificazione,1179.0000000000000000000000000000000,./0.png
15.7831438676322,37.9593759807497,2004/01/22,MELITO DI PORTO SALVO - Torre Annà (di Melito) (MELITO DI PORTO SALVO),DL 22/01/2004,F112,1181.0000000000000000000000000000000,Rudere. Non vi è corrispondenza geografica.,LR 12/04/1990 N. 42,Fortificazione,1181.0000000000000000000000000000000,./0.png
15.7596388865848,37.9491666683274,2004/01/22,MELITO DI PORTO SALVO - Castello Pentidattilo (MELITO DI PORTO SALVO),DL 22/01/2004,F112,1180.0000000000000000000000000000000,Traccia storica,LR 12/04/1990 N. 42,Fortificazione,1180.0000000000000000000000000000000,./0.png
15.7406809869378,37.9942783538407,2004/01/22,MONTEBELLO IONICO - Castello  (MONTEBELLO IONICO),DL 22/01/2004,D746,1185.0000000000000000000000000000000,Rudere. Non vi è corrispondenza geografica.,LR 12/04/1990 N. 42,Fortificazione,1185.0000000000000000000000000000000,./0.png
15.7032519758941,37.9986772307866,2004/01/22,MOTTA SAN GIOVANNI - Torre Pellaro (MOTTA SAN GIOVANNI),DL 22/01/2004,F779,1187.0000000000000000000000000000000,Non vi è corrispondenza geografica.,LR 12/04/1990 N. 42,Fortificazione,1187.0000000000000000000000000000000,./0.png
15.71188889353,38.0252500029918,2004/01/22,MOTTA SAN GIOVANNI - Castello S. Aniceto (MOTTA SAN GIOVANNI),DL 22/01/2004,F779,1186.0000000000000000000000000000000,Rudere,LR 12/04/1990 N. 42,Fortificazione,1186.0000000000000000000000000000000,./0.png
15.9373333373703,38.5523055546695,2004/01/22,NICOTERA - Castello Via Umberto I (NICOTERA),DL 22/01/2004,F888,1083.0000000000000000000000000000000,Conservato Integrato,LR 12/04/1990 N. 42,Fortificazione,1083.0000000000000000000000000000000,./0.png
15.98025833659,38.2940253914525,2004/01/22,OPPIDO MAMERTINA - Castello Oppido Vecchio (OPPIDO MAMERTINA),DL 22/01/2004,G082,1188.0000000000000000000000000000000,Rudere. Non vi è corrispondenza geografica.,LR 12/04/1990 N. 42,Fortificazione,1188.0000000000000000000000000000000,./0.png
16.0608611078202,37.9256111116468,2004/01/22,PALIZZI - Torre Capo Spartivento (PALIZZI),DL 22/01/2004,G277,1191.0000000000000000000000000000000,Rudere,LR 12/04/1990 N. 42,Fortificazione,1191.0000000000000000000000000000000,./0.png
15.9880000046265,37.967333333202,2004/01/22,PALIZZI - Castello  (PALIZZI),DL 22/01/2004,G277,1189.0000000000000000000000000000000,Rudere Integrato,LR 12/04/1990 N. 42,Fortificazione,1189.0000000000000000000000000000000,./0.png
15.9987500054027,37.93216666908,2004/01/22,PALIZZI - Torre Mozza (PALIZZI),DL 22/01/2004,G277,1190.0000000000000000000000000000000,Rudere,LR 12/04/1990 N. 42,Fortificazione,1190.0000000000000000000000000000000,./0.png
15.8644444452456,38.3947777815956,2004/01/22,PALMI - Torre S. Francesco (o S. Fantino) (PALMI),DL 22/01/2004,G288,1193.0000000000000000000000000000000,Rudere,LR 12/04/1990 N. 42,Fortificazione,1193.0000000000000000000000000000000,./0.png
15.8697869570935,38.3774349466962,2004/01/22,PALMI - Torre Pietrenere (PALMI),DL 22/01/2004,G288,1194.0000000000000000000000000000000,Conservato. Non vi è corrispondenza geografica.,LR 12/04/1990 N. 42,Fortificazione,1194.0000000000000000000000000000000,./0.png
15.8697869570935,38.3774349466962,2004/01/22,PALMI - Castello  (PALMI),DL 22/01/2004,G288,1192.0000000000000000000000000000000,Traccia storica. Non vi è corrispondenza geografica.,LR 12/04/1990 N. 42,Fortificazione,1192.0000000000000000000000000000000,./0.png
16.1894116231213,38.7596909791929,2004/01/22,PIZZO - Torre Del Pizzo o Pizzofalcone (PIZZO),DL 22/01/2004,G722,1091.0000000000000000000000000000000,Non vi è corrispondenza geografica.,LR 12/04/1990 N. 42,Fortificazione,1091.0000000000000000000000000000000,./0.png
16.1602777814444,38.7355555588717,2004/01/22,PIZZO - Castello  (PIZZO),DL 22/01/2004,G722,1090.0000000000000000000000000000000,,LR 12/04/1990 N. 42,Fortificazione,1090.0000000000000000000000000000000,./0.png
16.2358611056607,38.2038055600086,2004/01/22,PORTIGLIOLA - Torre Pagliopoli (dei Corvi) (PORTIGLIOLA),DL 22/01/2004,G905,1197.0000000000000000000000000000000,Rudere,LR 12/04/1990 N. 42,Fortificazione,1197.0000000000000000000000000000000,./0.png
16.2135833384499,38.2199166687108,2004/01/22,PORTIGLIOLA - Fortezza Castellace (PORTIGLIOLA),DL 22/01/2004,G905,1198.0000000000000000000000000000000,Rudere,LR 12/04/1990 N. 42,Fortificazione,1198.0000000000000000000000000000000,./0.png
15.6457500005757,38.1654722196646,2004/01/22,REGGIO DI CALABRIA - Torre Gallico (REGGIO DI CALABRIA),DL 22/01/2004,H224,1203.0000000000000000000000000000000,,LR 12/04/1990 N. 42,Fortificazione,1203.0000000000000000000000000000000,./0.png
15.6442499998659,38.1059444402506,2004/01/22,REGGIO DI CALABRIA - Castello Piazza C. (REGGIO DI CALABRIA),DL 22/01/2004,H224,1199.0000000000000000000000000000000,Conservato Parzialmente,LR 12/04/1990 N. 42,Fortificazione,1199.0000000000000000000000000000000,./0.png
15.7471447974816,38.1017019612583,2004/01/22,REGGIO DI CALABRIA - Torre S. Agata (Lupo) (REGGIO DI CALABRIA),DL 22/01/2004,H224,1201.0000000000000000000000000000000,Non vi è corrispondenza geografica.,LR 12/04/1990 N. 42,Fortificazione,1201.0000000000000000000000000000000,./0.png
15.6590555600234,38.1354444423465,2004/01/22,REGGIO DI CALABRIA - Torre Pentimele (REGGIO DI CALABRIA),DL 22/01/2004,H224,1202.0000000000000000000000000000000,,LR 12/04/1990 N. 42,Fortificazione,1202.0000000000000000000000000000000,./0.png
15.6591111076636,38.0811388864283,2004/01/22,REGGIO DI CALABRIA - Torre Ravagnese (Cugliari) (REGGIO DI CALABRIA),DL 22/01/2004,H224,1200.0000000000000000000000000000000,,LR 12/04/1990 N. 42,Fortificazione,1200.0000000000000000000000000000000,./0.png
15.7471447974816,38.1017019612583,2004/01/22,REGGIO DI CALABRIA - Torre Catona (REGGIO DI CALABRIA),DL 22/01/2004,H224,1204.0000000000000000000000000000000,Non vi è corrispondenza geografica.,LR 12/04/1990 N. 42,Fortificazione,1204.0000000000000000000000000000000,./0.png
15.8608888897528,38.6385555594267,2004/01/22,RICADI - Castello Brivadi (RICADI),DL 22/01/2004,H271,1092.0000000000000000000000000000000,Rudere,LR 12/04/1990 N. 42,Fortificazione,1092.0000000000000000000000000000000,./0.png
15.8570060664617,38.6378356366757,2004/01/22,RICADI - Torre Capo Vaticano (RICADI),DL 22/01/2004,H271,1093.0000000000000000000000000000000,Rudere. Non vi è corrispondenza geografica.,LR 12/04/1990 N. 42,Fortificazione,1093.0000000000000000000000000000000,./0.png
15.9771569150702,38.470341542748,2004/01/22,ROSARNO - Torre Mesima (S. Francesco) (ROSARNO),DL 22/01/2004,H558,1210.0000000000000000000000000000000,Non vi è corrispondenza geografica.,LR 12/04/1990 N. 42,Fortificazione,1210.0000000000000000000000000000000,./0.png
15.9923553024512,38.1093994337738,2004/01/22,SAMO - Torre Contrada Torre (Aragona) (SAMO),DL 22/01/2004,H013,1213.0000000000000000000000000000000,Rudere. Non vi è corrispondenza geografica.,LR 12/04/1990 N. 42,Fortificazione,1213.0000000000000000000000000000000,./0.png
15.9923553024512,38.1093994337738,2004/01/22,SAMO - Torre Rione Caraffa (SAMO),DL 22/01/2004,H013,1212.0000000000000000000000000000000,Rudere. Non vi è corrispondenza geografica.,LR 12/04/1990 N. 42,Fortificazione,1212.0000000000000000000000000000000,./0.png
16.0562222230599,38.07263888506,2004/01/22,SAMO - Castello Paleocastro (di Pitagora) (SAMO),DL 22/01/2004,H013,1211.0000000000000000000000000000000,Rudere,LR 12/04/1990 N. 42,Fortificazione,1211.0000000000000000000000000000000,./0.png
16.1101666652963,38.3860555599056,2004/01/22,SAN GIORGIO MORGETO - Castello  (SAN GIORGIO MORGETO),DL 22/01/2004,H889,1214.0000000000000000000000000000000,Rudere,LR 12/04/1990 N. 42,Fortificazione,1214.0000000000000000000000000000000,./0.png
15.8315000034828,37.9213888932584,2004/01/22,SAN LORENZO - Torre Salto la Vecchia (SAN LORENZO),DL 22/01/2004,H959,1215.0000000000000000000000000000000,Rudere,LR 12/04/1990 N. 42,Fortificazione,1215.0000000000000000000000000000000,./0.png
16.065861112209,38.1467777786119,2004/01/22,SAN LUCA - Castello Patania (palazzo Bottigliero) (SAN LUCA),DL 22/01/2004,H970,1216.0000000000000000000000000000000,Rudere,LR 12/04/1990 N. 42,Fortificazione,1216.0000000000000000000000000000000,./0.png
16.3875879062385,38.8729807197735,2004/01/22,MAIDA - Torre Dell'Amato (MAIDA),DL 22/01/2004,E834,1075.0000000000000000000000000000000,Conservato. Non vi è corrispondenza geografica.,LR 12/04/1990 N. 42,Fortificazione,1075.0000000000000000000000000000000,./0.png
16.3655833355402,38.8568333322454,2004/01/22,MAIDA - Castello Piazza Roma (MAIDA),DL 22/01/2004,E834,1074.0000000000000000000000000000000,Conservato Integrato,LR 12/04/1990 N. 42,Fortificazione,1074.0000000000000000000000000000000,./0.png
16.492777775305,38.9272777742262,2004/01/22,MARCELLINARA - Castello Palazzo Sanseverino (MARCELLINARA),DL 22/01/2004,E925,1077.0000000000000000000000000000000,Rudere Integrato,LR 12/04/1990 N. 42,Fortificazione,1077.0000000000000000000000000000000,./0.png
16.4811944485615,40.0992222233999,2004/01/22,NOCARA - Castello Via Castello (NOCARA),DL 22/01/2004,F907,1322.0000000000000000000000000000000,Rudere,LR 12/04/1990 N. 42,Fortificazione,1322.0000000000000000000000000000000,./0.png
16.1623001149238,39.0312200941675,2004/01/22,NOCERA TERINESE - Torre Colle Tirrena (NOCERA TIRINESE),DL 22/01/2004,F910,1087.0000000000000000000000000000000,Traccia storica,LR 12/04/1990 N. 42,Fortificazione,1087.0000000000000000000000000000000,./0.png
16.1623001149238,39.0312200941675,2004/01/22,NOCERA TERINESE - Torre Piano del Casale (NOCERA TIRINESE),DL 22/01/2004,F910,1088.0000000000000000000000000000000,Traccia storica,LR 12/04/1990 N. 42,Fortificazione,1088.0000000000000000000000000000000,./0.png
16.1575000032232,39.0369999981183,2004/01/22,NOCERA TERINESE - Cinta muraria Via Motta (NOCERA TIRINESE),DL 22/01/2004,F910,1084.0000000000000000000000000000000,Rudere,LR 12/04/1990 N. 42,Fortificazione,1084.0000000000000000000000000000000,./0.png
16.1623001149238,39.0312200941675,2004/01/22,NOCERA TERINESE - Torre Pietra della Neve (NOCERA TIRINESE),DL 22/01/2004,F910,1085.0000000000000000000000000000000,Rudere,LR 12/04/1990 N. 42,Fortificazione,1085.0000000000000000000000000000000,./0.png
16.1623001149238,39.0312200941675,2004/01/22,NOCERA TERINESE - Torre S. Giuseppe (foce Savuto) (NOCERA TIRINESE),DL 22/01/2004,F910,1086.0000000000000000000000000000000,Traccia storica,LR 12/04/1990 N. 42,Fortificazione,1086.0000000000000000000000000000000,./0.png
16.4498888946496,40.0507222207743,2004/01/22,ORIOLO - Castello Corso Vitt. Em. (ORIOLO),DL 22/01/2004,G110,1323.0000000000000000000000000000000,Conservato Integrato,LR 12/04/1990 N. 42,Fortificazione,1323.0000000000000000000000000000000,./0.png
16.4111944408985,39.1622777757707,2004/01/22,PARENTI - Torre Detta Mirabelli (PARENTI),DL 22/01/2004,G331,1330.0000000000000000000000000000000,Rudere,LR 12/04/1990 N. 42,Fortificazione,1330.0000000000000000000000000000000,./0.png
16.423095643356,38.467965649758,2004/01/22,PAZZANO - Castello  (PAZZANO),DL 22/01/2004,G394,1195.0000000000000000000000000000000,Traccia storica. Non vi è corrispondenza geografica.,LR 12/04/1990 N. 42,Fortificazione,1195.0000000000000000000000000000000,./0.png
16.4484166635338,38.4156666643075,2004/01/22,PLACANICA - Castello Via Castello (PLACANICA),DL 22/01/2004,G729,1196.0000000000000000000000000000000,Rudere Integrato,LR 12/04/1990 N. 42,Fortificazione,1196.0000000000000000000000000000000,./0.png
16.8904248701294,39.0873504570954,2004/01/22,ROCCABERNARDA - Torre fr. Magliacane (ROCCABERNARDA),DL 22/01/2004,H383,1094.0000000000000000000000000000000,Non vi è corrispondenza geografica.,LR 12/04/1990 N. 42,Fortificazione,1094.0000000000000000000000000000000,./0.png
16.4071388943195,38.3249722240599,2004/01/22,ROCCELLA IONICA - Castello Castello (ROCCELLA IONICA),DL 22/01/2004,H456,1208.0000000000000000000000000000000,Rudere,LR 12/04/1990 N. 42,Fortificazione,1208.0000000000000000000000000000000,./0.png
16.393416668067,38.3383888902243,2004/01/22,ROCCELLA IONICA - Torre Castello (ROCCELLA IONICA),DL 22/01/2004,H456,1209.0000000000000000000000000000000,Rudere,LR 12/04/1990 N. 42,Fortificazione,1209.0000000000000000000000000000000,./0.png
16.4867157961126,38.6190944397537,2004/01/22,SAN SOSTENE - Castello  (SAN SOSTENE),DL 22/01/2004,I164,1102.0000000000000000000000000000000,Rudere. Non vi è corrispondenza geografica.,LR 12/04/1990 N. 42,Fortificazione,1102.0000000000000000000000000000000,./0.png
16.5705833306536,38.4265833359652,2004/01/22,STILO - Torre Foce Stilaro-Vedera (STILO),DL 22/01/2004,I956,1229.0000000000000000000000000000000,Conservato Integrato,LR 12/04/1990 N. 42,Fortificazione,1229.0000000000000000000000000000000,./0.png
16.4664444430404,38.4759166648372,2004/01/22,STILO - Mura e Porte Abitato (STILO),DL 22/01/2004,I956,1230.0000000000000000000000000000000,Rudere,LR 12/04/1990 N. 42,Fortificazione,1230.0000000000000000000000000000000,./0.png
16.4626944392504,38.4786111088013,2004/01/22,STILO - Castello Monte Consolino (STILO),DL 22/01/2004,I956,1228.0000000000000000000000000000000,Rudere,LR 12/04/1990 N. 42,Fortificazione,1228.0000000000000000000000000000000,./0.png
16.5795851715083,39.1038479206752,2004/01/22,TAVERNA - Torre Torrazzo (TAVERNA),DL 22/01/2004,L070,1119.0000000000000000000000000000000,Rudere. Non vi è corrispondenza geografica.,LR 12/04/1990 N. 42,Fortificazione,1119.0000000000000000000000000000000,./0.png
16.3628494985205,39.6640371004977,2004/01/22,TERRANOVA DA SIBARI - Castello Piazza Vitt. Em. (TERRANOVA DA SIBARI),DL 22/01/2004,L124,1366.0000000000000000000000000000000,Conservato Parzialmente. Non vi è corrispondenza geografica.,LR 12/04/1990 N. 42,Fortificazione,1366.0000000000000000000000000000000,./0.png
16.6630833344647,39.0002500044459,2004/01/22,ZAGARISE - Torre Via Gorizia (ZAGARISE),DL 22/01/2004,M140,1133.0000000000000000000000000000000,Rudere,LR 12/04/1990 N. 42,Fortificazione,1133.0000000000000000000000000000000,./0.png
16.1653055499595,38.1927222250044,2004/01/22,ARDORE - Castello  (ARDORE),DL 22/01/2004,A385,1135.0000000000000000000000000000000,Rudere,LR 12/04/1990 N. 42,Fortificazione,1135.0000000000000000000000000000000,./0.png
16.2133333301595,38.5603333341643,2004/01/22,ARENA - Castello VIA SANTA MARIA (ARENA),DL 22/01/2004,A386,1013.0000000000000000000000000000000,Rudere,LR 12/04/1990 N. 42,Fortificazione,1013.0000000000000000000000000000000,./0.png
15.8123333343405,38.2977499991927,2004/01/22,BAGNARA CALABRA - Torre (di Ruggero) Cattato (BAGNARA CALABRA),DL 22/01/2004,A552,1137.0000000000000000000000000000000,Conservato,LR 12/04/1990 N. 42,Fortificazione,1137.0000000000000000000000000000000,./0.png
15.8077777827387,38.2894166673447,2004/01/22,BAGNARA CALABRA - Castello Martorano (BAGNARA CALABRA),DL 22/01/2004,A552,1136.0000000000000000000000000000000,Conservato Integrato,LR 12/04/1990 N. 42,Fortificazione,1136.0000000000000000000000000000000,./0.png
15.8123333343405,38.2977499991927,2004/01/22,BAGNARA CALABRA - Tore (di Cacil) Capo di Rocchi (BAGNARA CALABRA),DL 22/01/2004,A552,1138.0000000000000000000000000000000,Conservato,LR 12/04/1990 N. 42,Fortificazione,1138.0000000000000000000000000000000,./0.png
16.1187222169238,38.0849166629492,2004/01/22,BIANCO - Fortificazione  (BIANCO),DL 22/01/2004,A843,1139.0000000000000000000000000000000,Rudere,LR 12/04/1990 N. 42,Fortificazione,1139.0000000000000000000000000000000,./0.png
15.9333333320321,37.9947500044668,2004/01/22,BOVA - Torre Parcopia (BOVA),DL 22/01/2004,B097,1141.0000000000000000000000000000000,Rudere,LR 12/04/1990 N. 42,Fortificazione,1141.0000000000000000000000000000000,./0.png
15.9515411547731,38.0065447793316,2004/01/22,BOVA - Torre Tri (BOVA),DL 22/01/2004,B097,1144.0000000000000000000000000000000,Non vi è corrispondenza geografica.,LR 12/04/1990 N. 42,Fortificazione,1144.0000000000000000000000000000000,./0.png
15.9201388906885,37.9956111124257,2004/01/22,BOVA - Castello Varsavia (BOVA),DL 22/01/2004,B097,1140.0000000000000000000000000000000,Rudere,LR 12/04/1990 N. 42,Fortificazione,1140.0000000000000000000000000000000,./0.png
15.9515411547731,38.0065447793316,2004/01/22,BOVA - Torre S. Luzio (BOVA),DL 22/01/2004,B097,1142.0000000000000000000000000000000,Non vi è corrispondenza geografica.,LR 12/04/1990 N. 42,Fortificazione,1142.0000000000000000000000000000000,./0.png
15.9515411547731,38.0065447793316,2004/01/22,BOVA - Torre Caloghiero (BOVA),DL 22/01/2004,B097,1145.0000000000000000000000000000000,Non vi è corrispondenza geografica.,LR 12/04/1990 N. 42,Fortificazione,1145.0000000000000000000000000000000,./0.png
15.9515411547731,38.0065447793316,2004/01/22,BOVA - Fortificazioni Carupi di Bova (BOVA),DL 22/01/2004,B097,1146.0000000000000000000000000000000,Rudere. Non vi è corrispondenza geografica.,LR 12/04/1990 N. 42,Fortificazione,1146.0000000000000000000000000000000,./0.png
15.9515411547731,38.0065447793316,2004/01/22,BOVA - Torre Acria (BOVA),DL 22/01/2004,B097,1143.0000000000000000000000000000000,Non vi è corrispondenza geografica.,LR 12/04/1990 N. 42,Fortificazione,1143.0000000000000000000000000000000,./0.png
15.9362222191754,37.925916666839,2004/01/22,BOVA MARINA - Torre Capo s. Giovanni d'Avalos (BOVA MARINA),DL 22/01/2004,B099,1147.0000000000000000000000000000000,Rudere,LR 12/04/1990 N. 42,Fortificazione,1147.0000000000000000000000000000000,./0.png
15.9539722231606,37.9218611119467,2004/01/22,BOVA MARINA - Torre (Theodosia) Torre Varata (BOVA MARINA),DL 22/01/2004,B099,1148.0000000000000000000000000000000,Rudere,LR 12/04/1990 N. 42,Fortificazione,1148.0000000000000000000000000000000,./0.png
16.1638888908654,38.1612222184993,2004/01/22,BOVALINO - Castello  (BOVALINO),DL 22/01/2004,B098,1149.0000000000000000000000000000000,Rudere,LR 12/04/1990 N. 42,Fortificazione,1149.0000000000000000000000000000000,./0.png
16.159094035446,38.1534754965652,2004/01/22,BOVALINO - Torre Coscinosa (BOVALINO),DL 22/01/2004,B098,1151.0000000000000000000000000000000,Non vi è corrispondenza geografica.,LR 12/04/1990 N. 42,Fortificazione,1151.0000000000000000000000000000000,./0.png
16.1502222184642,38.1706666631287,2004/01/22,BOVALINO - Torre Spinosao di Bovalino (BOVALINO),DL 22/01/2004,B098,1150.0000000000000000000000000000000,,LR 12/04/1990 N. 42,Fortificazione,1150.0000000000000000000000000000000,./0.png
16.0777777733791,37.9728611128534,2004/01/22,BRANCALEONE - Castello  (BRANCALEONE),DL 22/01/2004,B118,1152.0000000000000000000000000000000,Rudere,LR 12/04/1990 N. 42,Fortificazione,1152.0000000000000000000000000000000,./0.png
16.0745174869852,37.96646708152,2004/01/22,BRANCALEONE - Torre  (BRANCALEONE),DL 22/01/2004,B118,1154.0000000000000000000000000000000,Non vi è corrispondenza geografica.,LR 12/04/1990 N. 42,Fortificazione,1154.0000000000000000000000000000000,./0.png
16.0745174869852,37.96646708152,2004/01/22,BRANCALEONE - Torre Sperlongara (BRANCALEONE),DL 22/01/2004,B118,1153.0000000000000000000000000000000,Non vi è corrispondenza geografica.,LR 12/04/1990 N. 42,Fortificazione,1153.0000000000000000000000000000000,./0.png
15.9938888930314,38.723388888177,2004/01/22,BRIATICO - Torre Cassaris (al Torrente Potame) (BRIATICO),DL 22/01/2004,B169,1024.0000000000000000000000000000000,Rudere,LR 12/04/1990 N. 42,Fortificazione,1024.0000000000000000000000000000000,./0.png
16.0030277790023,38.6902499972476,2004/01/22,BRIATICO - Torre Potenzoni (BRIATICO),DL 22/01/2004,B169,1022.0000000000000000000000000000000,Traccia storica,LR 12/04/1990 N. 42,Fortificazione,1022.0000000000000000000000000000000,./0.png
16.0215458441472,38.6942785365875,2004/01/22,BRIATICO - Torre Mesoni (BRIATICO),DL 22/01/2004,B169,1026.0000000000000000000000000000000,Rudere. Non vi è corrispondenza geografica.,LR 12/04/1990 N. 42,Fortificazione,1026.0000000000000000000000000000000,./0.png
16.021416672104,38.7053611094012,2004/01/22,BRIATICO - Castello Briatico vecchio (BRIATICO),DL 22/01/2004,B169,1018.0000000000000000000000000000000,Rudere,LR 12/04/1990 N. 42,Fortificazione,1018.0000000000000000000000000000000,./0.png
16.0238888845265,38.7191666648815,2004/01/22,BRIATICO - Torre S. Leo (BRIATICO),DL 22/01/2004,B169,1021.0000000000000000000000000000000,Traccia storica,LR 12/04/1990 N. 42,Fortificazione,1021.0000000000000000000000000000000,./0.png
16.0215458441472,38.6942785365875,2004/01/22,"BRIATICO - Torre salò, di S. Nicola del Porto (BRIATICO)",DL 22/01/2004,B169,1020.0000000000000000000000000000000,Traccia storica. Non vi è corrispondenza geografica.,LR 12/04/1990 N. 42,Fortificazione,1020.0000000000000000000000000000000,./0.png
16.0423055589012,38.7266388888792,2004/01/22,"BRIATICO - Torre Imperiale Cocca, La Rocchetta (BRIATICO)",DL 22/01/2004,B169,1019.0000000000000000000000000000000,Rudere Pericolante,LR 12/04/1990 N. 42,Fortificazione,1019.0000000000000000000000000000000,./0.png
16.0026666657711,38.7234166646874,2004/01/22,BRIATICO - Torre Di S. Irene (BRIATICO),DL 22/01/2004,B169,1025.0000000000000000000000000000000,Rudere,LR 12/04/1990 N. 42,Fortificazione,1025.0000000000000000000000000000000,./0.png
16.0215458441472,38.6942785365875,2004/01/22,BRIATICO - Torre Di Carpenzano (al cimitero) (BRIATICO),DL 22/01/2004,B169,1023.0000000000000000000000000000000,Rudere. Non vi è corrispondenza geografica.,LR 12/04/1990 N. 42,Fortificazione,1023.0000000000000000000000000000000,./0.png
16.0767500024713,38.0212777737905,2004/01/22,BRUZZANO ZEFFIRIO - Torre Capo Bruzzano (BRUZZANO ZEFFIRIO),DL 22/01/2004,B234,1156.0000000000000000000000000000000,Rudere,LR 12/04/1990 N. 42,Fortificazione,1156.0000000000000000000000000000000,./0.png
16.0768055581418,38.0208888901945,2004/01/22,BRUZZANO ZEFFIRIO - Castello Armenia (BRUZZANO ZEFFIRIO),DL 22/01/2004,B234,1155.0000000000000000000000000000000,Rudere,LR 12/04/1990 N. 42,Fortificazione,1155.0000000000000000000000000000000,./0.png
15.7224722177904,38.1848055548513,2004/01/22,CALANNA - Castello  (CALANNA),DL 22/01/2004,B379,1157.0000000000000000000000000000000,Rudere,LR 12/04/1990 N. 42,Fortificazione,1157.0000000000000000000000000000000,./0.png
16.086111108013,38.5054444486433,2004/01/22,CANDIDONI - Casa fortificata Borrello (CANDIDONI),DL 22/01/2004,B591,1160.0000000000000000000000000000000,Rudere,LR 12/04/1990 N. 42,Fortificazione,1160.0000000000000000000000000000000,./0.png
16.0868055525026,38.0918055582085,2004/01/22,CARAFFA DEL BIANCO - Torre  (CARAFFA DEL BIANCO),DL 22/01/2004,B718,1161.0000000000000000000000000000000,Rudere,LR 12/04/1990 N. 42,Fortificazione,1161.0000000000000000000000000000000,./0.png
16.1417500055988,38.2485555557286,2004/01/22,"CIMINA' - Rocca Timpa S. Pietro, Tre Pizzi (CIMINA'')",DL 22/01/2004,C695,1165.0000000000000000000000000000000,Rudere,LR 12/04/1990 N. 42,Fortificazione,1165.0000000000000000000000000000000,./0.png
16.0951944490503,38.4164166704083,2004/01/22,CINQUEFRONDI - Castello  (CINQUEFRONDI),DL 22/01/2004,C710,1166.0000000000000000000000000000000,Traccia storica,LR 12/04/1990 N. 42,Fortificazione,1166.0000000000000000000000000000000,./0.png
15.8857572335309,37.9782792043869,2004/01/22,CONDOFURI - Torre S. Carlo (CONDOFURI),DL 22/01/2004,C954,1168.0000000000000000000000000000000,Rudere. Non vi è corrispondenza geografica.,LR 12/04/1990 N. 42,Fortificazione,1168.0000000000000000000000000000000,./0.png
15.8940277729111,37.9881666625168,2004/01/22,CONDOFURI - Castello Amendolea (CONDOFURI),DL 22/01/2004,C954,1167.0000000000000000000000000000000,Rudere,LR 12/04/1990 N. 42,Fortificazione,1167.0000000000000000000000000000000,./0.png
15.9285277781008,38.2748611071386,2004/01/22,COSOLETO - Castello Cosoleto Vecchio (COSOLETO),DL 22/01/2004,D089,1169.0000000000000000000000000000000,Rudere,LR 12/04/1990 N. 42,Fortificazione,1169.0000000000000000000000000000000,./0.png
16.2852350545388,38.8275439537576,2004/01/22,CURINGA - Forte A Torrevecchia (Mezzapraia) (CURINGA),DL 22/01/2004,D218,1053.0000000000000000000000000000000,Rudere. Non vi è corrispondenza geografica.,LR 12/04/1990 N. 42,Fortificazione,1053.0000000000000000000000000000000,./0.png
16.2852350545388,38.8275439537576,2004/01/22,CURINGA - Torre Fr. Acconia (palazzo Ruggo) (CURINGA),DL 22/01/2004,D218,1051.0000000000000000000000000000000,Non vi è corrispondenza geografica.,LR 12/04/1990 N. 42,Fortificazione,1051.0000000000000000000000000000000,./0.png
16.2852350545388,38.8275439537576,2004/01/22,CURINGA - Torre A Torrevecchia (Mezzapraia) (CURINGA),DL 22/01/2004,D218,1052.0000000000000000000000000000000,Conservato. Non vi è corrispondenza geografica.,LR 12/04/1990 N. 42,Fortificazione,1052.0000000000000000000000000000000,./0.png
16.4967500052479,38.4111944488682,2004/01/22,RIACE - Torre Jeritano (di Riace) (RIACE),DL 22/01/2004,H265,1206.0000000000000000000000000000000,Rudere,LR 12/04/1990 N. 42,Fortificazione,1206.0000000000000000000000000000000,./0.png
16.4709444427843,38.4175833334006,2004/01/22,RIACE - Torre S. Fili (RIACE),DL 22/01/2004,H265,1207.0000000000000000000000000000000,Conservato,LR 12/04/1990 N. 42,Fortificazione,1207.0000000000000000000000000000000,./0.png
16.5085100013343,38.4040271917578,2004/01/22,RIACE - Fortificazioni  (RIACE),DL 22/01/2004,H265,1205.0000000000000000000000000000000,Traccia storica. Non vi è corrispondenza geografica.,LR 12/04/1990 N. 42,Fortificazione,1205.0000000000000000000000000000000,./0.png
16.5161127492222,38.8482035030893,2004/01/22,SAN FLORO - Palazzo fortificato  (SAN FLORO),DL 22/01/2004,H846,1097.0000000000000000000000000000000,Rudere Integrato. Non vi è corrispondenza geografica.,LR 12/04/1990 N. 42,Fortificazione,1097.0000000000000000000000000000000,./0.png
16.5296111055614,38.621805557466,2004/01/22,SANT'ANDREA APOSTOLO DELLO IONIO - Castello  (SANT''ANDREA APOSTOLO DELLO IONIO),DL 22/01/2004,I266,1098.0000000000000000000000000000000,Rudere Integrato,LR 12/04/1990 N. 42,Fortificazione,1098.0000000000000000000000000000000,./0.png
16.5001957059094,38.5346537264332,2004/01/22,SANTA CATERINA DELLO IONIO - Torre A. Antonio (SANTA CATERINA DELLO IONIO),DL 22/01/2004,I170,1099.0000000000000000000000000000000,Conservato Integrato. Non vi è corrispondenza geografica.,LR 12/04/1990 N. 42,Fortificazione,1099.0000000000000000000000000000000,./0.png
16.6337650967262,38.9745825891002,2004/01/22,SELLIA - Torre Fondaco (Limari?) (SELLIA),DL 22/01/2004,I589,1105.0000000000000000000000000000000,Non vi è corrispondenza geografica.,LR 12/04/1990 N. 42,Fortificazione,1105.0000000000000000000000000000000,./0.png
16.6272499989551,38.9816666698518,2004/01/22,SELLIA - Castello Via Castello (SELLIA),DL 22/01/2004,I589,1104.0000000000000000000000000000000,Rudere,LR 12/04/1990 N. 42,Fortificazione,1104.0000000000000000000000000000000,./0.png
16.661361112692,38.9332222232913,2004/01/22,SIMERI CRICHI - Castello  (SIMERI CRICHI),DL 22/01/2004,I745,1107.0000000000000000000000000000000,Rudere,LR 12/04/1990 N. 42,Fortificazione,1107.0000000000000000000000000000000,./0.png
16.6657957003423,38.9086326472509,2004/01/22,SIMERI CRICHI - Torre Petrizzi (SIMERI CRICHI),DL 22/01/2004,I745,1108.0000000000000000000000000000000,Rudere Integrato. Non vi è corrispondenza geografica.,LR 12/04/1990 N. 42,Fortificazione,1108.0000000000000000000000000000000,./0.png
16.5329355928689,38.6922180835248,2004/01/22,SOVERATO - Torre Mortaro (Poliporto) (SOVERATO),DL 22/01/2004,I872,1110.0000000000000000000000000000000,Conservato Integrato. Non vi è corrispondenza geografica.,LR 12/04/1990 N. 42,Fortificazione,1110.0000000000000000000000000000000,./0.png
16.5329355928689,38.6922180835248,2004/01/22,SOVERATO - Torre Ancinale (SOVERATO),DL 22/01/2004,I872,1111.0000000000000000000000000000000,Traccia storica. Non vi è corrispondenza geografica.,LR 12/04/1990 N. 42,Fortificazione,1111.0000000000000000000000000000000,./0.png
16.5274229040726,38.789626638332,2004/01/22,SQUILLACE - Torre S. Maria Vetere (SQUILLACE),DL 22/01/2004,I929,1113.0000000000000000000000000000000,Non vi è corrispondenza geografica.,LR 12/04/1990 N. 42,Fortificazione,1113.0000000000000000000000000000000,./0.png
16.5188333325711,38.7811944454321,2004/01/22,SQUILLACE - Castello Piazza Castello (SQUILLACE),DL 22/01/2004,I929,1112.0000000000000000000000000000000,Rudere,LR 12/04/1990 N. 42,Fortificazione,1112.0000000000000000000000000000000,./0.png
16.5435727247631,38.7619190166213,2004/01/22,STALETTI - Torre Punta di (Palombaro) (STALETTI),DL 22/01/2004,I937,1114.0000000000000000000000000000000,Non vi è corrispondenza geografica.,LR 12/04/1990 N. 42,Fortificazione,1114.0000000000000000000000000000000,./0.png
16.4849703698388,38.3964375466651,2004/01/22,STIGNANO - Castello Scinà (STIGNANO),DL 22/01/2004,I955,1227.0000000000000000000000000000000,Rudere. Non vi è corrispondenza geografica.,LR 12/04/1990 N. 42,Fortificazione,1227.0000000000000000000000000000000,./0.png
16.5070833319121,38.9498333320076,2004/01/22,TIRIOLO - Castello Via Castello (TIRIOLO),DL 22/01/2004,L177,1120.0000000000000000000000000000000,Rudere,LR 12/04/1990 N. 42,Fortificazione,1120.0000000000000000000000000000000,./0.png
16.1678055578134,39.1180555534191,2004/01/22,AIELLO CALABRO - Castello Via Castello (AIELLO CALABRO),DL 22/01/2004,A102,1237.0000000000000000000000000000000,Rudere,LR 12/04/1990 N. 42,Fortificazione,1237.0000000000000000000000000000000,./0.png
15.8239444402915,39.9290888850739,2004/01/22,AIETA - Castello Palazzo  (AIETA),DL 22/01/2004,A105,1238.0000000000000000000000000000000,Rudere,LR 12/04/1990 N. 42,Fortificazione,1238.0000000000000000000000000000000,./0.png
16.13166666463,39.6989722225306,2004/01/22,ALTOMONTE - Castello Piazza Castello (ALTOMONTE),DL 22/01/2004,A240,1240.0000000000000000000000000000000,Conservato,LR 12/04/1990 N. 42,Fortificazione,1240.0000000000000000000000000000000,./0.png
16.131666661165,39.6990555555411,2004/01/22,ALTOMONTE - Torre Detta Pallotta (ALTOMONTE),DL 22/01/2004,A240,1241.0000000000000000000000000000000,Conservato,LR 12/04/1990 N. 42,Fortificazione,1241.0000000000000000000000000000000,./0.png
16.0921944396194,39.0658611139523,2004/01/22,AMANTEA - Torre Di S. Giovanni (AMANTEA),DL 22/01/2004,A253,1245.0000000000000000000000000000000,Conservato,LR 12/04/1990 N. 42,Fortificazione,1245.0000000000000000000000000000000,./0.png
16.0967482986301,39.1009013992857,2004/01/22,AMANTEA - Torre Della Conocchia (AMANTEA),DL 22/01/2004,A253,1244.0000000000000000000000000000000,Conservato. Non vi è corrispondenza geografica.,LR 12/04/1990 N. 42,Fortificazione,1244.0000000000000000000000000000000,./0.png
16.0751388879909,39.1374722236255,2004/01/22,AMANTEA - Castello  (AMANTEA),DL 22/01/2004,A253,1242.0000000000000000000000000000000,Rudere,LR 12/04/1990 N. 42,Fortificazione,1242.0000000000000000000000000000000,./0.png
16.0827222235805,39.0978333365005,2004/01/22,AMANTEA - Torre Corica (AMANTEA),DL 22/01/2004,A253,1243.0000000000000000000000000000000,Conservato,LR 12/04/1990 N. 42,Fortificazione,1243.0000000000000000000000000000000,./0.png
16.0666666709069,39.1355555522033,2004/01/22,BELMONTE CALABRO - Castello  (BELMONTE CALABRO),DL 22/01/2004,A762,1246.0000000000000000000000000000000,Rudere,LR 12/04/1990 N. 42,Fortificazione,1246.0000000000000000000000000000000,./0.png
15.8628055545382,39.6194999983636,2004/01/22,BELVEDERE MARITTIMO - Castello Corso Castel Ruggero (BELVEDERE MARITTIMO),DL 22/01/2004,A773,1247.0000000000000000000000000000000,Rudere Restaurato,LR 12/04/1990 N. 42,Fortificazione,1247.0000000000000000000000000000000,./0.png
15.8511944394417,39.6219444461323,2004/01/22,BELVEDERE MARITTIMO - Torre Tirone (BELVEDERE MARITTIMO),DL 22/01/2004,A773,1248.0000000000000000000000000000000,Conservato Integrato,LR 12/04/1990 N. 42,Fortificazione,1248.0000000000000000000000000000000,./0.png
15.8435833314314,39.6578611121477,2004/01/22,BELVEDERE MARITTIMO - Torre Santa Litterata (BELVEDERE MARITTIMO),DL 22/01/2004,A773,1249.0000000000000000000000000000000,Rudere,LR 12/04/1990 N. 42,Fortificazione,1249.0000000000000000000000000000000,./0.png
16.2831205516008,39.5257431823886,2004/01/22,BISIGNANO - Castello  (BISIGNANO),DL 22/01/2004,A887,1250.0000000000000000000000000000000,Traccia storica. Non vi è corrispondenza geografica.,LR 12/04/1990 N. 42,Fortificazione,1250.0000000000000000000000000000000,./0.png
15.9288351220815,39.5694934651486,2004/01/22,BONIFATI - Castello  (BONIFATI),DL 22/01/2004,A973,1252.0000000000000000000000000000000,Rudere. Non vi è corrispondenza geografica.,LR 12/04/1990 N. 42,Fortificazione,1252.0000000000000000000000000000000,./0.png
15.885277774349,39.5508333294705,2004/01/22,BONIFATI - Torre Cittadella del capo (BONIFATI),DL 22/01/2004,A973,1253.0000000000000000000000000000000,Conservato Integrato,LR 12/04/1990 N. 42,Fortificazione,1253.0000000000000000000000000000000,./0.png
16.1934444401777,39.3099444429385,2004/01/22,CASTROLIBERO - Castello Palazzotto (CASTROLIBERO),DL 22/01/2004,C108,1262.0000000000000000000000000000000,Rudere,LR 12/04/1990 N. 42,Fortificazione,1262.0000000000000000000000000000000,./0.png
16.2084658114729,39.3091582605744,2004/01/22,CASTROLIBERO - Castello Castelvetere (CASTROLIBERO),DL 22/01/2004,C108,1263.0000000000000000000000000000000,Rudere. Non vi è corrispondenza geografica.,LR 12/04/1990 N. 42,Fortificazione,1263.0000000000000000000000000000000,./0.png
16.2079722214801,39.8091944462481,2004/01/22,CASTROVILLARI - Castello Piazza Castello (CASTROVILLARI),DL 22/01/2004,C349,1264.0000000000000000000000000000000,Conservato,LR 12/04/1990 N. 42,Fortificazione,1264.0000000000000000000000000000000,./0.png
16.1648831102763,39.2782759432025,2004/01/22,CERISANO - Castello Caritello (CERISANO),DL 22/01/2004,C515,1267.0000000000000000000000000000000,Rudere. Non vi è corrispondenza geografica.,LR 12/04/1990 N. 42,Fortificazione,1267.0000000000000000000000000000000,./0.png
17.0130187658938,39.1896096637734,2004/01/22,ROCCA DI NETO - Castello  (ROCCA DI NETO),DL 22/01/2004,H403,1095.0000000000000000000000000000000,Rudere. Non vi è corrispondenza geografica.,LR 12/04/1990 N. 42,Fortificazione,1095.0000000000000000000000000000000,./0.png
16.5840489590672,40.0946428415961,2004/01/22,ROCCA IMPERIALE - Torre Scalo ferr. di Linzano (ROCCA IMPERIALE),DL 22/01/2004,H416,1340.0000000000000000000000000000000,Conservato Integrato. Non vi è corrispondenza geografica.,LR 12/04/1990 N. 42,Fortificazione,1340.0000000000000000000000000000000,./0.png
16.5772777749169,40.1097222218563,2004/01/22,ROCCA IMPERIALE - Castello  (ROCCA IMPERIALE),DL 22/01/2004,H416,1339.0000000000000000000000000000000,Rudere Pericolante Parzialmente,LR 12/04/1990 N. 42,Fortificazione,1339.0000000000000000000000000000000,./0.png
16.5795295509967,39.9955474298927,2004/01/22,ROSETO CAPO SPULICO - Torre «Bocca de Rosito» (ROSETO CAPO SPULICO),DL 22/01/2004,H572,1345.0000000000000000000000000000000,Rudere. Non vi è corrispondenza geografica.,LR 12/04/1990 N. 42,Fortificazione,1345.0000000000000000000000000000000,./0.png
16.5795295509967,39.9955474298927,2004/01/22,ROSETO CAPO SPULICO - Cerchia muraria  (ROSETO CAPO SPULICO),DL 22/01/2004,H572,1343.0000000000000000000000000000000,Rudere. Non vi è corrispondenza geografica.,LR 12/04/1990 N. 42,Fortificazione,1343.0000000000000000000000000000000,./0.png
16.6165833311313,39.9816388926583,2004/01/22,ROSETO CAPO SPULICO - Castello Alla marina (ROSETO CAPO SPULICO),DL 22/01/2004,H572,1344.0000000000000000000000000000000,Conservato,LR 12/04/1990 N. 42,Fortificazione,1344.0000000000000000000000000000000,./0.png
16.7518333319408,39.6215833375799,2004/01/22,ROSSANO - Torre Capo Trionto (ROSSANO),DL 22/01/2004,H579,1346.0000000000000000000000000000000,,LR 12/04/1990 N. 42,Fortificazione,1346.0000000000000000000000000000000,./0.png
16.6370000056675,39.6184722257463,2004/01/22,ROSSANO - Torre Di S. Angelo (marina) (ROSSANO),DL 22/01/2004,H579,1347.0000000000000000000000000000000,,LR 12/04/1990 N. 42,Fortificazione,1347.0000000000000000000000000000000,./0.png
16.9144722273347,39.1468055520898,2004/01/22,SANTA SEVERINA - Castello  (SANTA SEVERINA),DL 22/01/2004,I308,1103.0000000000000000000000000000000,Conservato,LR 12/04/1990 N. 42,Fortificazione,1103.0000000000000000000000000000000,./0.png
16.8981918655853,39.4600134667097,2004/01/22,SCALA COELI - Castello  (SCALA COELI),DL 22/01/2004,I485,1358.0000000000000000000000000000000,Rudere. Non vi è corrispondenza geografica.,LR 12/04/1990 N. 42,Fortificazione,1358.0000000000000000000000000000000,./0.png
17.0743343093385,39.2383541121416,2004/01/22,STRONGOLI - Torre Limera (Torrazzo) (STRONGOLI),DL 22/01/2004,I982,1117.0000000000000000000000000000000,Conservato Integrato. Non vi è corrispondenza geografica.,LR 12/04/1990 N. 42,Fortificazione,1117.0000000000000000000000000000000,./0.png
17.0518333324766,39.2678333359743,2004/01/22,STRONGOLI - Casa fortificata Palazzo Comunale (STRONGOLI),DL 22/01/2004,I982,1118.0000000000000000000000000000000,Conservato Integrato,LR 12/04/1990 N. 42,Fortificazione,1118.0000000000000000000000000000000,./0.png
17.0460555577714,39.2658888864116,2004/01/22,STRONGOLI - Castello Via Castello (STRONGOLI),DL 22/01/2004,I982,1116.0000000000000000000000000000000,Rudere Integrato,LR 12/04/1990 N. 42,Fortificazione,1116.0000000000000000000000000000000,./0.png
16.9574516232524,39.4604551312512,2004/01/22,TERRAVECCHIA - Torre  (TERRAVECCHIA),DL 22/01/2004,L134,1367.0000000000000000000000000000000,Rudere. Non vi è corrispondenza geografica.,LR 12/04/1990 N. 42,Fortificazione,1367.0000000000000000000000000000000,./0.png
16.5272222224669,39.8680555599354,2004/01/22,TREBISACCE - Cerchia muraria  (TREBISACCE),DL 22/01/2004,L353,1369.0000000000000000000000000000000,Rudere,LR 12/04/1990 N. 42,Fortificazione,1369.0000000000000000000000000000000,./0.png
16.5264177110303,39.8761315350337,2004/01/22,TREBISACCE - Torre Trebisacce (TREBISACCE),DL 22/01/2004,L353,1370.0000000000000000000000000000000,Conservato. Non vi è corrispondenza geografica.,LR 12/04/1990 N. 42,Fortificazione,1370.0000000000000000000000000000000,./0.png
16.9425470639777,39.3660880650265,2004/01/22,UMBRIATICO - Cinta muraria  (UMBRIATICO),DL 22/01/2004,L492,1127.0000000000000000000000000000000,Rudere. Non vi è corrispondenza geografica.,LR 12/04/1990 N. 42,Fortificazione,1127.0000000000000000000000000000000,./0.png
16.4797879828993,39.8283221107939,2004/01/22,VILLAPIANA - Castello Nell'abitato (VILLAPIANA),DL 22/01/2004,B903,1372.0000000000000000000000000000000,Rudere. Non vi è corrispondenza geografica.,LR 12/04/1990 N. 42,Fortificazione,1372.0000000000000000000000000000000,./0.png
16.4547777813591,39.8461111101967,2004/01/22,VILLAPIANA - Castello Loc. Tripaola (VILLAPIANA),DL 22/01/2004,B903,1373.0000000000000000000000000000000,Rudere,LR 12/04/1990 N. 42,Fortificazione,1373.0000000000000000000000000000000,./0.png
16.4797879828993,39.8283221107939,2004/01/22,VILLAPIANA - Torre Del Magazeno? (VILLAPIANA),DL 22/01/2004,B903,1374.0000000000000000000000000000000,Conservato. Non vi è corrispondenza geografica.,LR 12/04/1990 N. 42,Fortificazione,1374.0000000000000000000000000000000,./0.png
16.4797879828993,39.8283221107939,2004/01/22,VILLAPIANA - Torre Del Saraceno (della Signora?) (VILLAPIANA),DL 22/01/2004,B903,1375.0000000000000000000000000000000,Conservato. Non vi è corrispondenza geografica.,LR 12/04/1990 N. 42,Fortificazione,1375.0000000000000000000000000000000,./0.png
15.9585904150974,39.5346045300659,2004/01/22,CETRARO - Torre Casalicchio (CETRARO),DL 22/01/2004,C588,1270.0000000000000000000000000000000,Conservato. Non vi è corrispondenza geografica.,LR 12/04/1990 N. 42,Fortificazione,1270.0000000000000000000000000000000,./0.png
15.9383055509712,39.5162499987825,2004/01/22,CETRARO - Fortificazioni Cannone (belvedere) (CETRARO),DL 22/01/2004,C588,1268.0000000000000000000000000000000,Traccia storica,LR 12/04/1990 N. 42,Fortificazione,1268.0000000000000000000000000000000,./0.png
15.8967499974923,39.5388611155068,2004/01/22,CETRARO - Torre Di Rienzo (CETRARO),DL 22/01/2004,C588,1269.0000000000000000000000000000000,Conservato,LR 12/04/1990 N. 42,Fortificazione,1269.0000000000000000000000000000000,./0.png
16.1661111059764,39.0717499988956,2004/01/22,CLETO - Castello Fr. Savuto (CLETO),DL 22/01/2004,C795,1272.0000000000000000000000000000000,Rudere,LR 12/04/1990 N. 42,Fortificazione,1272.0000000000000000000000000000000,./0.png
16.1598888877802,39.0916944420115,2004/01/22,CLETO - Castello Via G. Savelli (CLETO),DL 22/01/2004,C795,1271.0000000000000000000000000000000,Rudere,LR 12/04/1990 N. 42,Fortificazione,1271.0000000000000000000000000000000,./0.png
16.4545277799401,39.6528333290105,2004/01/22,COSENZA - Castello  (COSENZA),DL 22/01/2004,D086,1277.0000000000000000000000000000000,Rudere,LR 12/04/1990 N. 42,Fortificazione,1277.0000000000000000000000000000000,./0.png
15.8012777804957,39.6982777778897,2004/01/22,DIAMANTE - Torre Isola Cirella (DIAMANTE),DL 22/01/2004,D289,1308.0000000000000000000000000000000,Rudere,LR 12/04/1990 N. 42,Fortificazione,1308.0000000000000000000000000000000,./0.png
15.8213911448954,39.6993158431234,2004/01/22,DIAMANTE - Torre Cirella-Maierà (ferr.) (DIAMANTE),DL 22/01/2004,D289,1309.0000000000000000000000000000000,Non vi è corrispondenza geografica.,LR 12/04/1990 N. 42,Fortificazione,1309.0000000000000000000000000000000,./0.png
15.8064722271705,39.7158611156459,2004/01/22,DIAMANTE - Castello Cirella vecchia (DIAMANTE),DL 22/01/2004,D289,1306.0000000000000000000000000000000,Rudere,LR 12/04/1990 N. 42,Fortificazione,1306.0000000000000000000000000000000,./0.png
15.8213911448954,39.6993158431234,2004/01/22,DIAMANTE - Torre Centro abitato (DIAMANTE),DL 22/01/2004,D289,1307.0000000000000000000000000000000,Conservato. Non vi è corrispondenza geografica.,LR 12/04/1990 N. 42,Fortificazione,1307.0000000000000000000000000000000,./0.png
16.0523019313067,39.5543550615978,2004/01/22,FAGNANO CASTELLO - Castello  (FAGNANO CASTELLO),DL 22/01/2004,D464,1281.0000000000000000000000000000000,Rudere. Non vi è corrispondenza geografica.,LR 12/04/1990 N. 42,Fortificazione,1281.0000000000000000000000000000000,./0.png
16.0523019313067,39.5543550615978,2004/01/22,FAGNANO CASTELLO - Torre  (FAGNANO CASTELLO),DL 22/01/2004,D464,1282.0000000000000000000000000000000,Non vi è corrispondenza geografica.,LR 12/04/1990 N. 42,Fortificazione,1282.0000000000000000000000000000000,./0.png
16.0922445153435,39.2778936829704,2004/01/22,FALCONARA ALBANESE - Torre Torrazzo (detta Mesa o Mezzo) (FALCONARA ALBANESE),DL 22/01/2004,D473,1283.0000000000000000000000000000000,Non vi è corrispondenza geografica.,LR 12/04/1990 N. 42,Fortificazione,1283.0000000000000000000000000000000,./0.png
16.1748611147153,39.7218611093543,2004/01/22,FIRMO - Torre Detta di Alessio Comite (FIRMO),DL 22/01/2004,D614,1284.0000000000000000000000000000000,Conservato Parzialmente,LR 12/04/1990 N. 42,Fortificazione,1284.0000000000000000000000000000000,./0.png
16.0672222186183,39.2335000032628,2004/01/22,FIUMEFREDDO BRUZIO - Castello Via Castello (pal. Dellavalle) (FIUMEFREDDO BRUZIO),DL 22/01/2004,D624,1285.0000000000000000000000000000000,Rudere,LR 12/04/1990 N. 42,Fortificazione,1285.0000000000000000000000000000000,./0.png
16.0994603581639,39.2427717825735,2004/01/22,FIUMEFREDDO BRUZIO - Torre Di Verdano (FIUMEFREDDO BRUZIO),DL 22/01/2004,D624,1289.0000000000000000000000000000000,Conservato. Non vi è corrispondenza geografica.,LR 12/04/1990 N. 42,Fortificazione,1289.0000000000000000000000000000000,./0.png
16.0994603581639,39.2427717825735,2004/01/22,FIUMEFREDDO BRUZIO - Cinta muraria  (FIUMEFREDDO BRUZIO),DL 22/01/2004,D624,1286.0000000000000000000000000000000,Rudere. Non vi è corrispondenza geografica.,LR 12/04/1990 N. 42,Fortificazione,1286.0000000000000000000000000000000,./0.png
16.0994603581639,39.2427717825735,2004/01/22,FIUMEFREDDO BRUZIO - Torre Di Lovino o del Reggio (FIUMEFREDDO BRUZIO),DL 22/01/2004,D624,1288.0000000000000000000000000000000,Non vi è corrispondenza geografica.,LR 12/04/1990 N. 42,Fortificazione,1288.0000000000000000000000000000000,./0.png
16.0994603581639,39.2427717825735,2004/01/22,FIUMEFREDDO BRUZIO - Torre Loc. Sotto detta Lungo (FIUMEFREDDO BRUZIO),DL 22/01/2004,D624,1287.0000000000000000000000000000000,Rudere Integrato. Non vi è corrispondenza geografica.,LR 12/04/1990 N. 42,Fortificazione,1287.0000000000000000000000000000000,./0.png
16.0318888944206,39.4164444441955,2004/01/22,FUSCALDO - Castello Via Castello (FUSCALDO),DL 22/01/2004,D828,1290.0000000000000000000000000000000,Rudere,LR 12/04/1990 N. 42,Fortificazione,1290.0000000000000000000000000000000,./0.png
16.0125833377355,39.4148055524822,2004/01/22,FUSCALDO - Torre Alla marina di S. Giorgio (FUSCALDO),DL 22/01/2004,D828,1292.0000000000000000000000000000000,Conservato,LR 12/04/1990 N. 42,Fortificazione,1292.0000000000000000000000000000000,./0.png
16.0397024282676,39.4352965933692,2004/01/22,FUSCALDO - Torre Alla marina proprietà Martini (FUSCALDO),DL 22/01/2004,D828,1293.0000000000000000000000000000000,Conservato. Non vi è corrispondenza geografica.,LR 12/04/1990 N. 42,Fortificazione,1293.0000000000000000000000000000000,./0.png
16.0397024282676,39.4352965933692,2004/01/22,FUSCALDO - Porta cinta muraria Via XX Settembre (FUSCALDO),DL 22/01/2004,D828,1291.0000000000000000000000000000000,Conservato. Non vi è corrispondenza geografica.,LR 12/04/1990 N. 42,Fortificazione,1291.0000000000000000000000000000000,./0.png
16.0164183360387,39.4835320231522,2004/01/22,GUARDIA PIEMONTESE - Castello  (GUARDIA PIEMONTESE),DL 22/01/2004,E242,1294.0000000000000000000000000000000,Rudere. Non vi è corrispondenza geografica.,LR 12/04/1990 N. 42,Fortificazione,1294.0000000000000000000000000000000,./0.png
16.0164183360387,39.4835320231522,2004/01/22,GUARDIA PIEMONTESE - Cinta marina  (GUARDIA PIEMONTESE),DL 22/01/2004,E242,1295.0000000000000000000000000000000,Non vi è corrispondenza geografica.,LR 12/04/1990 N. 42,Fortificazione,1295.0000000000000000000000000000000,./0.png
15.9979999960371,39.4658611086477,2004/01/22,"GUARDIA PIEMONTESE - Torre Della Guardia, Intavolata (GUARDIA PIEMONTESE)",DL 22/01/2004,E242,1296.0000000000000000000000000000000,,LR 12/04/1990 N. 42,Fortificazione,1296.0000000000000000000000000000000,./0.png
15.9708611148361,39.9430277809225,2004/01/22,LAINO CASTELLO - Castello  (LAINO CASTELLO),DL 22/01/2004,E419,1297.0000000000000000000000000000000,Rudere,LR 12/04/1990 N. 42,Fortificazione,1297.0000000000000000000000000000000,./0.png
15.9504229379471,39.9394914585205,2004/01/22,LAINO CASTELLO - Cinta muraria  (LAINO CASTELLO),DL 22/01/2004,E419,1298.0000000000000000000000000000000,Conservato Parzialmente. Non vi è corrispondenza geografica.,LR 12/04/1990 N. 42,Fortificazione,1298.0000000000000000000000000000000,./0.png
16.3189252414507,39.3294119129007,2004/01/22,LAPPANO - Castello Villa (LAPPANO),DL 22/01/2004,E450,1300.0000000000000000000000000000000,Rudere. Non vi è corrispondenza geografica.,LR 12/04/1990 N. 42,Fortificazione,1300.0000000000000000000000000000000,./0.png
16.3189252414507,39.3294119129007,2004/01/22,LAPPANO - Castello  (LAPPANO),DL 22/01/2004,E450,1299.0000000000000000000000000000000,Traccia storica. Non vi è corrispondenza geografica.,LR 12/04/1990 N. 42,Fortificazione,1299.0000000000000000000000000000000,./0.png
16.0963882106286,39.2035467782127,2004/01/22,LONGOBARDI - Torre Dei SS. Quaranta (LONGOBARDI),DL 22/01/2004,E677,1301.0000000000000000000000000000000,Non vi è corrispondenza geografica.,LR 12/04/1990 N. 42,Fortificazione,1301.0000000000000000000000000000000,./0.png
16.0963882106286,39.2035467782127,2004/01/22,LONGOBARDI - Torre Di San Iannò? (LONGOBARDI),DL 22/01/2004,E677,1302.0000000000000000000000000000000,Non vi è corrispondenza geografica.,LR 12/04/1990 N. 42,Fortificazione,1302.0000000000000000000000000000000,./0.png
16.2970093544477,39.4491329025993,2004/01/22,LUZZI - Castello Casino del Principe (le Noci) (LUZZI),DL 22/01/2004,E773,1305.0000000000000000000000000000000,Rudere. Non vi è corrispondenza geografica.,LR 12/04/1990 N. 42,Fortificazione,1305.0000000000000000000000000000000,./0.png
16.2970093544477,39.4491329025993,2004/01/22,LUZZI - Castello Le Petrine (LUZZI),DL 22/01/2004,E773,1304.0000000000000000000000000000000,Rudere. Non vi è corrispondenza geografica.,LR 12/04/1990 N. 42,Fortificazione,1304.0000000000000000000000000000000,./0.png
15.7944722217528,39.7185277735807,2004/01/22,MALVITO - Castello Via Castello (MALVITO),DL 22/01/2004,E872,1310.0000000000000000000000000000000,Rudere,LR 12/04/1990 N. 42,Fortificazione,1310.0000000000000000000000000000000,./0.png
16.2470000034222,39.0845277811907,2004/01/22,MARTIRANO - Castello Mar Vecchio (MARTIRANO),DL 22/01/2004,E990,1078.0000000000000000000000000000000,Rudere,LR 12/04/1990 N. 42,Fortificazione,1078.0000000000000000000000000000000,./0.png
16.1947222213051,39.2603611087446,2004/01/22,MENDICINO - Castello  (MENDICINO),DL 22/01/2004,F125,1313.0000000000000000000000000000000,Rudere,LR 12/04/1990 N. 42,Fortificazione,1313.0000000000000000000000000000000,./0.png
16.2262500041646,39.2608611130731,2004/01/22,MENDICINO - Castello Castellucce (Cerisano?) (MENDICINO),DL 22/01/2004,F125,1314.0000000000000000000000000000000,Rudere,LR 12/04/1990 N. 42,Fortificazione,1314.0000000000000000000000000000000,./0.png
16.1576666717446,39.4053611085288,2004/01/22,MONTALTO UFFUGO - Castello  (MONTALTO UFFUGO),DL 22/01/2004,F416,1315.0000000000000000000000000000000,Rudere,LR 12/04/1990 N. 42,Fortificazione,1315.0000000000000000000000000000000,./0.png
16.100094149293,39.8678835985239,2004/01/22,MORANO CALABRO - Forte Campotenese loc. «Teste» (MORANO CALABRO),DL 22/01/2004,F708,1319.0000000000000000000000000000000,Rudere. Non vi è corrispondenza geografica.,LR 12/04/1990 N. 42,Fortificazione,1319.0000000000000000000000000000000,./0.png
16.100094149293,39.8678835985239,2004/01/22,MORANO CALABRO - Forte Campotenese loc. «Fortino» (MORANO CALABRO),DL 22/01/2004,F708,1320.0000000000000000000000000000000,Rudere. Non vi è corrispondenza geografica.,LR 12/04/1990 N. 42,Fortificazione,1320.0000000000000000000000000000000,./0.png
16.100094149293,39.8678835985239,2004/01/22,MORANO CALABRO - Cerchia muraria  (MORANO CALABRO),DL 22/01/2004,F708,1317.0000000000000000000000000000000,Conservato Parzialmente. Non vi è corrispondenza geografica.,LR 12/04/1990 N. 42,Fortificazione,1317.0000000000000000000000000000000,./0.png
16.1356666712037,39.8462222251437,2004/01/22,MORANO CALABRO - Castello Largo Castello (MORANO CALABRO),DL 22/01/2004,F708,1318.0000000000000000000000000000000,Rudere,LR 12/04/1990 N. 42,Fortificazione,1318.0000000000000000000000000000000,./0.png
16.0640555569821,39.6497777767549,2004/01/22,MOTTAFOLLONE - Castello  (MOTTAFOLLONE),DL 22/01/2004,F775,1321.0000000000000000000000000000000,Rudere,LR 12/04/1990 N. 42,Fortificazione,1321.0000000000000000000000000000000,./0.png
15.9080277833704,39.7989166674351,2004/01/22,ORSOMARSO - Castello  (ORSOMARSO),DL 22/01/2004,G129,1324.0000000000000000000000000000000,Rudere,LR 12/04/1990 N. 42,Fortificazione,1324.0000000000000000000000000000000,./0.png
16.0315555554406,39.3623611075458,2004/01/22,"PAOLA - Torre Del «Suffio», semaforo (PAOLA)",DL 22/01/2004,G317,1328.0000000000000000000000000000000,Conservato Integrato,LR 12/04/1990 N. 42,Fortificazione,1328.0000000000000000000000000000000,./0.png
16.0591843506097,39.3603672240346,2004/01/22,PAOLA - Torre Detta di Paola (PAOLA),DL 22/01/2004,G317,1327.0000000000000000000000000000000,Rudere. Non vi è corrispondenza geografica.,LR 12/04/1990 N. 42,Fortificazione,1327.0000000000000000000000000000000,./0.png
16.0444166674237,39.359055559607,2004/01/22,PAOLA - Castello Via Castello (PAOLA),DL 22/01/2004,G317,1326.0000000000000000000000000000000,Rudere,LR 12/04/1990 N. 42,Fortificazione,1326.0000000000000000000000000000000,./0.png
15.9046111109215,39.8711111124866,2004/01/22,PAPASIDERO - Castello  (PAPASIDERO),DL 22/01/2004,G320,1329.0000000000000000000000000000000,Rudere,LR 12/04/1990 N. 42,Fortificazione,1329.0000000000000000000000000000000,./0.png
16.3396388882287,39.2611944418878,2004/01/22,PIETRAFITTA - Cerchia muraria Le «Muraglie» (PIETRAFITTA),DL 22/01/2004,G615,1332.0000000000000000000000000000000,Rudere,LR 12/04/1990 N. 42,Fortificazione,1332.0000000000000000000000000000000,./0.png
16.3396388882287,39.2611944418878,2004/01/22,PIETRAFITTA - Castello Case Marè Donnis (PIETRAFITTA),DL 22/01/2004,G615,1331.0000000000000000000000000000000,Rudere Integrato,LR 12/04/1990 N. 42,Fortificazione,1331.0000000000000000000000000000000,./0.png
15.7861944430632,39.8717500038488,2004/01/22,PRAIA A MARE - Torre Di Fiuzzi (PRAIA A MARE),DL 22/01/2004,G975,1335.0000000000000000000000000000000,Conservato,LR 12/04/1990 N. 42,Fortificazione,1335.0000000000000000000000000000000,./0.png
15.8083756723262,39.8969709383741,2004/01/22,PRAIA A MARE - Torre Detta Fumarola (PRAIA A MARE),DL 22/01/2004,G975,1337.0000000000000000000000000000000,Rudere. Non vi è corrispondenza geografica.,LR 12/04/1990 N. 42,Fortificazione,1337.0000000000000000000000000000000,./0.png
15.7906388893635,39.8732499976764,2004/01/22,PRAIA A MARE - Castello «Rocca di Praia» (PRAIA A MARE),DL 22/01/2004,G975,1334.0000000000000000000000000000000,Conservato Restaurato,LR 12/04/1990 N. 42,Fortificazione,1334.0000000000000000000000000000000,./0.png
15.7692777781563,39.8722499974724,2004/01/22,PRAIA A MARE - Torre Dell'isola di Dino (PRAIA A MARE),DL 22/01/2004,G975,1336.0000000000000000000000000000000,Rudere,LR 12/04/1990 N. 42,Fortificazione,1336.0000000000000000000000000000000,./0.png
16.1806111116081,39.3310277747942,2004/01/22,RENDE - Castello Piazza Municipio (RENDE),DL 22/01/2004,H235,1338.0000000000000000000000000000000,Conservato Restaurato,LR 12/04/1990 N. 42,Fortificazione,1338.0000000000000000000000000000000,./0.png
16.1565277745286,39.6160000031846,2004/01/22,ROGGIANO GRAVINA - Cerchia muraria  (ROGGIANO GRAVINA),DL 22/01/2004,H488,1341.0000000000000000000000000000000,,LR 12/04/1990 N. 42,Fortificazione,1341.0000000000000000000000000000000,./0.png
16.2876944494084,39.398277777476,2004/01/22,ROSE - Castello (palazzo)  (ROSE),DL 22/01/2004,H565,1342.0000000000000000000000000000000,Conservato,LR 12/04/1990 N. 42,Fortificazione,1342.0000000000000000000000000000000,./0.png
16.2950000016486,39.6680833363037,2004/01/22,SAN LORENZO DEL VALLO - Castello  (SAN LORENZO DEL VALLO),DL 22/01/2004,H962,1349.0000000000000000000000000000000,Conservato Parzialmente,LR 12/04/1990 N. 42,Fortificazione,1349.0000000000000000000000000000000,./0.png
16.0476111133982,39.3077777820301,2004/01/22,SAN LUCIDO - Castello  (SAN LUCIDO),DL 22/01/2004,H971,1350.0000000000000000000000000000000,Rudere,LR 12/04/1990 N. 42,Fortificazione,1350.0000000000000000000000000000000,./0.png
16.0868228197961,39.3089740856663,2004/01/22,SAN LUCIDO - Torre Alla marina (SAN LUCIDO),DL 22/01/2004,H971,1351.0000000000000000000000000000000,Non vi è corrispondenza geografica.,LR 12/04/1990 N. 42,Fortificazione,1351.0000000000000000000000000000000,./0.png
16.1198611103094,39.5558611101846,2004/01/22,SAN MARCO ARGENTANO - Torre  (SAN MARCO ARGENTANO),DL 22/01/2004,H981,1352.0000000000000000000000000000000,Conservato,LR 12/04/1990 N. 42,Fortificazione,1352.0000000000000000000000000000000,./0.png
15.7891666643411,39.8489722213108,2004/01/22,SAN NICOLA ARCELLA - Torre Al Porto di S. Nicola (SAN NICOLA ARCELLA),DL 22/01/2004,I060,1354.0000000000000000000000000000000,Rudere,LR 12/04/1990 N. 42,Fortificazione,1354.0000000000000000000000000000000,./0.png
15.7969913877442,39.8508569302404,2004/01/22,SAN NICOLA ARCELLA - Torre A capo Scalea (SAN NICOLA ARCELLA),DL 22/01/2004,I060,1353.0000000000000000000000000000000,Non vi è corrispondenza geografica.,LR 12/04/1990 N. 42,Fortificazione,1353.0000000000000000000000000000000,./0.png
15.8650833300539,39.5904999989146,2004/01/22,SANGINETO - Castello Alla marina (SANGINETO),DL 22/01/2004,H877,1348.0000000000000000000000000000000,Rudere,LR 12/04/1990 N. 42,Fortificazione,1348.0000000000000000000000000000000,./0.png
15.8507222225097,39.7569999988656,2004/01/22,SANTA MARIA DEL CEDRO - Castello Loc. Abate Marco (SANTA MARIA DEL CEDRO),DL 22/01/2004,C717,1355.0000000000000000000000000000000,Rudere,LR 12/04/1990 N. 42,Fortificazione,1355.0000000000000000000000000000000,./0.png
15.8507222225097,39.7569999988656,2004/01/22,SANTA MARIA DEL CEDRO - Torre Bruca (SANTA MARIA DEL CEDRO),DL 22/01/2004,C717,1356.0000000000000000000000000000000,Rudere,LR 12/04/1990 N. 42,Fortificazione,1356.0000000000000000000000000000000,./0.png
16.1561944416136,39.7776111098863,2004/01/22,SARACENA - Castello Piazza M. Bianchi (SARACENA),DL 22/01/2004,I423,1357.0000000000000000000000000000000,Rudere Integrato,LR 12/04/1990 N. 42,Fortificazione,1357.0000000000000000000000000000000,./0.png
15.8028259968948,39.8000050098216,2004/01/22,SCALEA - Torre Allo scalo ferr. (di Talao?) (SCALEA),DL 22/01/2004,I489,1361.0000000000000000000000000000000,Rudere. Non vi è corrispondenza geografica.,LR 12/04/1990 N. 42,Fortificazione,1361.0000000000000000000000000000000,./0.png
15.7881944420223,39.8125555513556,2004/01/22,SCALEA - Torre Dell'Isola (di Giuda?) (SCALEA),DL 22/01/2004,I489,1360.0000000000000000000000000000000,Rudere,LR 12/04/1990 N. 42,Fortificazione,1360.0000000000000000000000000000000,./0.png
15.8028259968948,39.8000050098216,2004/01/22,SCALEA - Castello Via Castello (SCALEA),DL 22/01/2004,I489,1359.0000000000000000000000000000000,Rudere. Non vi è corrispondenza geografica.,LR 12/04/1990 N. 42,Fortificazione,1359.0000000000000000000000000000000,./0.png
16.3212500004624,39.1312500043608,2004/01/22,SCIGLIANO - Castello  (SCIGLIANO),DL 22/01/2004,D290,1362.0000000000000000000000000000000,Rudere,LR 12/04/1990 N. 42,Fortificazione,1362.0000000000000000000000000000000,./0.png
16.3197334925322,39.6870404474298,2004/01/22,SPEZZANO ALBANESE - Torre Del Mordillo (SPEZZANO ALBANESE),DL 22/01/2004,I895,1364.0000000000000000000000000000000,Rudere. Non vi è corrispondenza geografica.,LR 12/04/1990 N. 42,Fortificazione,1364.0000000000000000000000000000000,./0.png
16.3057777796957,39.1262222218357,2004/01/22,SPEZZANO ALBANESE - Castello S. Antonio di Stregola (SPEZZANO ALBANESE),DL 22/01/2004,I895,1363.0000000000000000000000000000000,Rudere,LR 12/04/1990 N. 42,Fortificazione,1363.0000000000000000000000000000000,./0.png
16.2777813611605,39.621290366004,2004/01/22,TARSIA - Castello  (TARSIA),DL 22/01/2004,L055,1365.0000000000000000000000000000000,Rudere. Non vi è corrispondenza geografica.,LR 12/04/1990 N. 42,Fortificazione,1365.0000000000000000000000000000000,./0.png
16.1700465030591,39.504728728805,2004/01/22,TORANO CASTELLO - Castello palazzo  (TORANO CASTELLO),DL 22/01/2004,L206,1368.0000000000000000000000000000000,Rudere. Non vi è corrispondenza geografica.,LR 12/04/1990 N. 42,Fortificazione,1368.0000000000000000000000000000000,./0.png
15.9137777727406,39.7562777798927,2004/01/22,VERBICARO - Castello Di S. Michele (VERBICARO),DL 22/01/2004,L747,1371.0000000000000000000000000000000,Rudere,LR 12/04/1990 N. 42,Fortificazione,1371.0000000000000000000000000000000,./0.png
16.9172012294923,39.2086837128607,2004/01/22,BELVEDERE DI SPINELLO - Castello  (BELVEDERE DI SPINELLO),DL 22/01/2004,A772,1017.0000000000000000000000000000000,Traccia storica. Non vi è corrispondenza geografica.,LR 12/04/1990 N. 42,Fortificazione,1017.0000000000000000000000000000000,./0.png
16.723984547622,39.3940340633366,2004/01/22,BOCCHIGLIERO - Torri e bastioni Campanile Chiesa ed a. (BOCCHIGLIERO),DL 22/01/2004,A912,1251.0000000000000000000000000000000,Rudere Integrato. Non vi è corrispondenza geografica.,LR 12/04/1990 N. 42,Fortificazione,1251.0000000000000000000000000000000,./0.png
16.7832222213464,39.2274166666801,2004/01/22,CACCURI - Casa fortificata Via Simonetta (CACCURI),DL 22/01/2004,B319,1028.0000000000000000000000000000000,Rudere,LR 12/04/1990 N. 42,Fortificazione,1028.0000000000000000000000000000000,./0.png
16.780416671346,39.2273888927563,2004/01/22,CACCURI - Castello  (CACCURI),DL 22/01/2004,B319,1027.0000000000000000000000000000000,Conservato Restaurato,LR 12/04/1990 N. 42,Fortificazione,1027.0000000000000000000000000000000,./0.png
16.801944439702,39.5604444451267,2004/01/22,CALOPEZZATI - Castello Piazza Garibaldi (CALOPEZZATI),DL 22/01/2004,B424,1254.0000000000000000000000000000000,Conservato,LR 12/04/1990 N. 42,Fortificazione,1254.0000000000000000000000000000000,./0.png
16.8261590507182,39.4048585280329,2004/01/22,CAMPANA - Torre Dell'orologio (CAMPANA),DL 22/01/2004,B500,1255.0000000000000000000000000000000,Conservato. Non vi è corrispondenza geografica.,LR 12/04/1990 N. 42,Fortificazione,1255.0000000000000000000000000000000,./0.png
16.5060555556958,40.0943888894458,2004/01/22,CANNA - Castello Via Plebiscito (CANNA),DL 22/01/2004,B607,1256.0000000000000000000000000000000,Conservato Parzialmente,LR 12/04/1990 N. 42,Fortificazione,1256.0000000000000000000000000000000,./0.png
16.9622517393632,39.4902614849852,2004/01/22,CARIATI - Torre Foce T. Fiumenica (di Acquaniti) (CARIATI),DL 22/01/2004,B774,1258.0000000000000000000000000000000,Rudere. Non vi è corrispondenza geografica.,LR 12/04/1990 N. 42,Fortificazione,1258.0000000000000000000000000000000,./0.png
16.9462500021663,39.4960555572366,2004/01/22,CARIATI - Cinta muraria  (CARIATI),DL 22/01/2004,B774,1257.0000000000000000000000000000000,Conservato Parzialmente,LR 12/04/1990 N. 42,Fortificazione,1257.0000000000000000000000000000000,./0.png
16.9522558832316,39.2434952788319,2004/01/22,CASABONA - Torre S. Agata (CASABONA),DL 22/01/2004,B857,1030.0000000000000000000000000000000,Rudere. Non vi è corrispondenza geografica.,LR 12/04/1990 N. 42,Fortificazione,1030.0000000000000000000000000000000,./0.png
16.9522558832316,39.2434952788319,2004/01/22,CASABONA - Castello  (CASABONA),DL 22/01/2004,B857,1029.0000000000000000000000000000000,Traccia storica. Non vi è corrispondenza geografica.,LR 12/04/1990 N. 42,Fortificazione,1029.0000000000000000000000000000000,./0.png
16.8266113278096,39.2442716323547,2004/01/22,CASTELSILANO - Castello Palazzo (CASTELSILANO),DL 22/01/2004,B968,1031.0000000000000000000000000000000,Rudere Integrato. Non vi è corrispondenza geografica.,LR 12/04/1990 N. 42,Fortificazione,1031.0000000000000000000000000000000,./0.png
16.8161368091401,39.2557388085368,2004/01/22,CERENZIA - Casa fortificata Casino (Pr. G. Savelli) (CERENZIA),DL 22/01/2004,C501,1036.0000000000000000000000000000000,Non vi è corrispondenza geografica.,LR 12/04/1990 N. 42,Fortificazione,1036.0000000000000000000000000000000,./0.png
17.0647222251405,39.3806666683188,2004/01/22,CIRO' - Castello  (CIRO''),DL 22/01/2004,C725,1037.0000000000000000000000000000000,Rudere,LR 12/04/1990 N. 42,Fortificazione,1037.0000000000000000000000000000000,./0.png
17.0639999962789,39.3811388869568,2004/01/22,CIRO' - Cinta muraria  (CIRO''),DL 22/01/2004,C725,1038.0000000000000000000000000000000,Rudere,LR 12/04/1990 N. 42,Fortificazione,1038.0000000000000000000000000000000,./0.png
17.0372132421585,39.3839786394885,2004/01/22,CIRO' - Torre Gianturco T. Vecchia (CIRO'),DL 22/01/2004,C725,1039.0000000000000000000000000000000,Non vi è corrispondenza geografica.,LR 12/04/1990 N. 42,Fortificazione,1039.0000000000000000000000000000000,./0.png
17.1291388897903,39.3547777814963,2004/01/22,"CIRO' MARINA - Torre Lipuda, T. Nuova (CIRO'' MARINA)",DL 22/01/2004,C726,1042.0000000000000000000000000000000,Rudere,LR 12/04/1990 N. 42,Fortificazione,1042.0000000000000000000000000000000,./0.png
17.1106561726752,39.3682666132759,2004/01/22,CIRO' MARINA - Castello Fondo Sabatini (CIRO' MARINA),DL 22/01/2004,C726,1040.0000000000000000000000000000000,Conservato Restaurato. Non vi è corrispondenza geografica.,LR 12/04/1990 N. 42,Fortificazione,1040.0000000000000000000000000000000,./0.png
17.1106561726752,39.3682666132759,2004/01/22,CIRO' MARINA - Torre Capo dell'Alice (CIRO' MARINA),DL 22/01/2004,C726,1041.0000000000000000000000000000000,Rudere. Non vi è corrispondenza geografica.,LR 12/04/1990 N. 42,Fortificazione,1041.0000000000000000000000000000000,./0.png
16.7087124545039,39.5283031916801,2004/01/22,CROPALATI - Castello  (CROPALATI),DL 22/01/2004,D180,1278.0000000000000000000000000000000,Rudere. Non vi è corrispondenza geografica.,LR 12/04/1990 N. 42,Fortificazione,1278.0000000000000000000000000000000,./0.png
16.7866984503604,39.5882846063831,2004/01/22,CROSIA - Torre Di S. Tecla (CROSIA),DL 22/01/2004,D184,1280.0000000000000000000000000000000,Rudere. Non vi è corrispondenza geografica.,LR 12/04/1990 N. 42,Fortificazione,1280.0000000000000000000000000000000,./0.png
16.7805833306218,39.5987499965514,2004/01/22,CROSIA - Castello Mirto (CROSIA),DL 22/01/2004,D184,1279.0000000000000000000000000000000,Rudere,LR 12/04/1990 N. 42,Fortificazione,1279.0000000000000000000000000000000,./0.png
17.0037222267138,39.4244444456256,2004/01/22,CRUCOLI - Castello  (CRUCOLI),DL 22/01/2004,D189,1049.0000000000000000000000000000000,Rudere,LR 12/04/1990 N. 42,Fortificazione,1049.0000000000000000000000000000000,./0.png
17.0029268733318,39.4362800019886,2004/01/22,CRUCOLI - Torre Di S. Venere (CRUCOLI),DL 22/01/2004,D189,1050.0000000000000000000000000000000,Non vi è corrispondenza geografica.,LR 12/04/1990 N. 42,Fortificazione,1050.0000000000000000000000000000000,./0.png
16.6116111064396,39.4493888883894,2004/01/22,LONGOBUCCO - Torre Campanaria (LONGOBUCCO),DL 22/01/2004,E678,1303.0000000000000000000000000000000,Conservato Integrato,LR 12/04/1990 N. 42,Fortificazione,1303.0000000000000000000000000000000,./0.png
16.8623055569273,39.483611107999,2004/01/22,MANDATORICCIO - Castello Località Arso (MANDATORICCIO),DL 22/01/2004,E878,1312.0000000000000000000000000000000,Conservato,LR 12/04/1990 N. 42,Fortificazione,1312.0000000000000000000000000000000,./0.png
16.8360277807059,39.4681666710323,2004/01/22,MANDATORICCIO - Castello  (MANDATORICCIO),DL 22/01/2004,E878,1311.0000000000000000000000000000000,Conservato Parzialmente,LR 12/04/1990 N. 42,Fortificazione,1311.0000000000000000000000000000000,./0.png
17.0407130189727,39.3035434599257,2004/01/22,MELISSA - Castello Valle di Vagno (MELISSA),DL 22/01/2004,F108,1079.0000000000000000000000000000000,Rudere. Non vi è corrispondenza geografica.,LR 12/04/1990 N. 42,Fortificazione,1079.0000000000000000000000000000000,./0.png
17.1075555536099,39.2994999969937,2004/01/22,MELISSA - Torre Torre Melissa (MELISSA),DL 22/01/2004,F108,1080.0000000000000000000000000000000,Conservato,LR 12/04/1990 N. 42,Fortificazione,1080.0000000000000000000000000000000,./0.png
16.5863333317743,40.0338611147717,2004/01/22,MONTEGIORDANO - Castello Proprietà Solano (MONTEGIORDANO),DL 22/01/2004,F519,1316.0000000000000000000000000000000,Conservato,LR 12/04/1990 N. 42,Fortificazione,1316.0000000000000000000000000000000,./0.png
16.6775033328334,39.5321937582126,2004/01/22,PALUDI - Cerchia muraria Loc. Castiglioni (PALUDI),DL 22/01/2004,G298,1325.0000000000000000000000000000000,Rudere. Non vi è corrispondenza geografica.,LR 12/04/1990 N. 42,Fortificazione,1325.0000000000000000000000000000000,./0.png
16.7888167974163,39.1053021373715,2004/01/22,PETILIA POLICASTRO - Torre Policastro (PETILIA POLICASTRO),DL 22/01/2004,G508,1089.0000000000000000000000000000000,Rudere. Non vi è corrispondenza geografica.,LR 12/04/1990 N. 42,Fortificazione,1089.0000000000000000000000000000000,./0.png
16.815888893984,39.486305554564,2004/01/22,PIETRAPAOLA - Castello  (PIETRAPAOLA),DL 22/01/2004,G622,1333.0000000000000000000000000000000,Rudere,LR 12/04/1990 N. 42,Fortificazione,1333.0000000000000000000000000000000,./0.png
16.1336388853298,38.5235555583668,2004/01/22,SAN PIETRO DI CARIDA' - Castello  (SAN PIETRO DI CARIDA''),DL 22/01/2004,I102,1217.0000000000000000000000000000000,Rudere Integrato,LR 12/04/1990 N. 42,Fortificazione,1217.0000000000000000000000000000000,./0.png
16.1952777737092,38.2096944433035,2004/01/22,SANT'ILARIO DELLO IONIO - Castello Condoianni (SANT''ILARIO DELLO IONIO),DL 22/01/2004,I341,1218.0000000000000000000000000000000,Rudere,LR 12/04/1990 N. 42,Fortificazione,1218.0000000000000000000000000000000,./0.png
15.7148333348494,38.2559722262147,2004/01/22,SCILLA - Castello  (SCILLA),DL 22/01/2004,I537,1219.0000000000000000000000000000000,Conservato Integrato,LR 12/04/1990 N. 42,Fortificazione,1219.0000000000000000000000000000000,./0.png
15.8743868661125,38.3450505113987,2004/01/22,SEMINARA - Torre Spinella (SEMINARA),DL 22/01/2004,I600,1221.0000000000000000000000000000000,Rudere. Non vi è corrispondenza geografica.,LR 12/04/1990 N. 42,Fortificazione,1221.0000000000000000000000000000000,./0.png
15.8743868661125,38.3450505113987,2004/01/22,SEMINARA - Torre S. Marco (SEMINARA),DL 22/01/2004,I600,1222.0000000000000000000000000000000,Rudere. Non vi è corrispondenza geografica.,LR 12/04/1990 N. 42,Fortificazione,1222.0000000000000000000000000000000,./0.png
15.8693333293617,38.3345277760064,2004/01/22,SEMINARA - Castello  (SEMINARA),DL 22/01/2004,I600,1220.0000000000000000000000000000000,Traccia storica,LR 12/04/1990 N. 42,Fortificazione,1220.0000000000000000000000000000000,./0.png
15.8743868661125,38.3450505113987,2004/01/22,SEMINARA - Torre Cappuccini (SEMINARA),DL 22/01/2004,I600,1224.0000000000000000000000000000000,Rudere. Non vi è corrispondenza geografica.,LR 12/04/1990 N. 42,Fortificazione,1224.0000000000000000000000000000000,./0.png
15.8743868661125,38.3450505113987,2004/01/22,SEMINARA - Torre Persicara (SEMINARA),DL 22/01/2004,I600,1223.0000000000000000000000000000000,Rudere. Non vi è corrispondenza geografica.,LR 12/04/1990 N. 42,Fortificazione,1223.0000000000000000000000000000000,./0.png
16.3194166650558,38.5645277820216,2004/01/22,SERRA SAN BRUNO - Certosa fortificata Certosa (SERRA SAN BRUNO),DL 22/01/2004,I639,1106.0000000000000000000000000000000,,LR 12/04/1990 N. 42,Fortificazione,1106.0000000000000000000000000000000,./0.png
16.2785387608268,38.2847953931018,2004/01/22,SIDERNO - Torre Agnone o di Mesima? (SIDERNO),DL 22/01/2004,I725,1226.0000000000000000000000000000000,Rudere. Non vi è corrispondenza geografica.,LR 12/04/1990 N. 42,Fortificazione,1226.0000000000000000000000000000000,./0.png
16.2785387608268,38.2847953931018,2004/01/22,SIDERNO - Torre Di Tamburri (o di Siderno) (SIDERNO),DL 22/01/2004,I725,1225.0000000000000000000000000000000,Rudere. Non vi è corrispondenza geografica.,LR 12/04/1990 N. 42,Fortificazione,1225.0000000000000000000000000000000,./0.png
16.2304999961422,38.5955277744413,2004/01/22,SORIANELLO - Castello  (SORIANELLO),DL 22/01/2004,I853,1109.0000000000000000000000000000000,Rudere,LR 12/04/1990 N. 42,Fortificazione,1109.0000000000000000000000000000000,./0.png
16.1528085520809,38.6635250662106,2004/01/22,STEFANACONI - Castello  (STEFANACONI),DL 22/01/2004,I945,1115.0000000000000000000000000000000,Non vi è corrispondenza geografica.,LR 12/04/1990 N. 42,Fortificazione,1115.0000000000000000000000000000000,./0.png
15.9756388938352,38.3619166652914,2004/01/22,TAURIANOVA - Castello S. Martino (TAURIANOVA),DL 22/01/2004,L063,1232.0000000000000000000000000000000,Traccia storica,LR 12/04/1990 N. 42,Fortificazione,1232.0000000000000000000000000000000,./0.png
16.0064722261788,38.3221666633694,2004/01/22,TERRANOVA SAPPO MINULIO - Castello  (TERRANOVA SAPPO MINULIO),DL 22/01/2004,L127,1231.0000000000000000000000000000000,Traccia storica,LR 12/04/1990 N. 42,Fortificazione,1231.0000000000000000000000000000000,./0.png
15.8930307902603,38.6712705418264,2004/01/22,TROPEA - Torre Del Bali (Ricadi?) (TROPEA),DL 22/01/2004,L452,1123.0000000000000000000000000000000,Rudere Integrato. Non vi è corrispondenza geografica.,LR 12/04/1990 N. 42,Fortificazione,1123.0000000000000000000000000000000,./0.png
15.8930307902603,38.6712705418264,2004/01/22,TROPEA - Torre Mattana (S. Maria di Ricadi?) (TROPEA),DL 22/01/2004,L452,1124.0000000000000000000000000000000,Rudere. Non vi è corrispondenza geografica.,LR 12/04/1990 N. 42,Fortificazione,1124.0000000000000000000000000000000,./0.png
15.8930307902603,38.6712705418264,2004/01/22,TROPEA - Torre Della Ruffa (Ricadi?) (TROPEA),DL 22/01/2004,L452,1122.0000000000000000000000000000000,Rudere. Non vi è corrispondenza geografica.,LR 12/04/1990 N. 42,Fortificazione,1122.0000000000000000000000000000000,./0.png
15.8930307902603,38.6712705418264,2004/01/22,TROPEA - Castello  (TROPEA),DL 22/01/2004,L452,1121.0000000000000000000000000000000,Rudere. Non vi è corrispondenza geografica.,LR 12/04/1990 N. 42,Fortificazione,1121.0000000000000000000000000000000,./0.png
15.8930307902603,38.6712705418264,2004/01/22,TROPEA - Torre «D'Avviso» (TROPEA),DL 22/01/2004,L452,1126.0000000000000000000000000000000,Non vi è corrispondenza geografica.,LR 12/04/1990 N. 42,Fortificazione,1126.0000000000000000000000000000000,./0.png
15.8930307902603,38.6712705418264,2004/01/22,TROPEA - Torre S. Domenica (TROPEA),DL 22/01/2004,L452,1125.0000000000000000000000000000000,Rudere. Non vi è corrispondenza geografica.,LR 12/04/1990 N. 42,Fortificazione,1125.0000000000000000000000000000000,./0.png
16.0924450592554,38.6791019752616,2004/01/22,VIBO VALENTIA - Cinta Muraria Trappeto Vecchio (VIBO VALENTIA),DL 22/01/2004,F537,1130.0000000000000000000000000000000,Rudere. Non vi è corrispondenza geografica.,LR 12/04/1990 N. 42,Fortificazione,1130.0000000000000000000000000000000,./0.png
16.0924450592554,38.6791019752616,2004/01/22,VIBO VALENTIA - Torre S. Venere (VIBO VALENTIA),DL 22/01/2004,F537,1131.0000000000000000000000000000000,Non vi è corrispondenza geografica.,LR 12/04/1990 N. 42,Fortificazione,1131.0000000000000000000000000000000,./0.png
16.0924450592554,38.6791019752616,2004/01/22,VIBO VALENTIA - Torre S. Pietro di Tomarchiello (VIBO VALENTIA),DL 22/01/2004,F537,1132.0000000000000000000000000000000,Rudere Integrato. Non vi è corrispondenza geografica.,LR 12/04/1990 N. 42,Fortificazione,1132.0000000000000000000000000000000,./0.png
16.1081666655391,38.6709444416247,2004/01/22,VIBO VALENTIA - Castello Via 7 Martiri (VIBO VALENTIA),DL 22/01/2004,F537,1128.0000000000000000000000000000000,Conservato,LR 12/04/1990 N. 42,Fortificazione,1128.0000000000000000000000000000000,./0.png
16.0924450592554,38.6791019752616,2004/01/22,VIBO VALENTIA - Castello Bivona (VIBO VALENTIA),DL 22/01/2004,F537,1129.0000000000000000000000000000000,Rudere. Non vi è corrispondenza geografica.,LR 12/04/1990 N. 42,Fortificazione,1129.0000000000000000000000000000000,./0.png
15.673796803637,38.224956593574,2004/01/22,"VILLA SAN GIOVANNI - Torre Pezzo, Peraino (VILLA SAN GIOVANNI)",DL 22/01/2004,M018,1235.0000000000000000000000000000000,Non vi è corrispondenza geografica.,LR 12/04/1990 N. 42,Fortificazione,1235.0000000000000000000000000000000,./0.png
15.6780833316587,38.2449999973919,2004/01/22,VILLA SAN GIOVANNI - Torre Del Cavallo (VILLA SAN GIOVANNI),DL 22/01/2004,M018,1234.0000000000000000000000000000000,Rudere,LR 12/04/1990 N. 42,Fortificazione,1234.0000000000000000000000000000000,./0.png
15.6761111087377,38.2410000025563,2004/01/22,VILLA SAN GIOVANNI - Fortezza Altafiumara (VILLA SAN GIOVANNI),DL 22/01/2004,M018,1233.0000000000000000000000000000000,Conservato Integrato,LR 12/04/1990 N. 42,Fortificazione,1233.0000000000000000000000000000000,./0.png
15.9660284276406,38.6949328395765,2004/01/22,ZAMBRONE - Torre Capo Zambrone (ZAMBRONE),DL 22/01/2004,M143,1134.0000000000000000000000000000000,Non vi è corrispondenza geografica.,LR 12/04/1990 N. 42,Fortificazione,1134.0000000000000000000000000000000,./0.png
16.5240000040849,38.5684166623817,2004/01/22,BADOLATO - Castello Via Castello (BADOLATO),DL 22/01/2004,A542,1014.0000000000000000000000000000000,Rudere,LR 12/04/1990 N. 42,Fortificazione,1014.0000000000000000000000000000000,./0.png
16.5011062755198,38.5727072822898,2004/01/22,BADOLATO - Torre Monte di Manno (BADOLATO),DL 22/01/2004,A542,1015.0000000000000000000000000000000,Non vi è corrispondenza geografica.,LR 12/04/1990 N. 42,Fortificazione,1015.0000000000000000000000000000000,./0.png
16.4826666685429,38.4321666681036,2004/01/22,CAMINI - Castello Via Torre (CAMINI),DL 22/01/2004,B481,1158.0000000000000000000000000000000,Rudere Integrato,LR 12/04/1990 N. 42,Fortificazione,1158.0000000000000000000000000000000,./0.png
16.5443888900643,38.4220833309254,2004/01/22,CAMINI - Torre Ellera (CAMINI),DL 22/01/2004,B481,1159.0000000000000000000000000000000,Rudere,LR 12/04/1990 N. 42,Fortificazione,1159.0000000000000000000000000000000,./0.png
16.6120822273621,38.8912269218178,2004/01/22,CATANZARO - Torre Marina di Catanzaro (CATANZARO),DL 22/01/2004,C352,1035.0000000000000000000000000000000,Non vi è corrispondenza geografica.,LR 12/04/1990 N. 42,Fortificazione,1035.0000000000000000000000000000000,./0.png
16.6120822273621,38.8912269218178,2004/01/22,CATANZARO - Castello  (CATANZARO),DL 22/01/2004,C352,1034.0000000000000000000000000000000,Rudere Integrato. Non vi è corrispondenza geografica.,LR 12/04/1990 N. 42,Fortificazione,1034.0000000000000000000000000000000,./0.png
16.8246666710934,38.9141944415617,2004/01/22,CROPANI - Torre Al Fiume Crocchio (CROPANI),DL 22/01/2004,D181,1043.0000000000000000000000000000000,Rudere,LR 12/04/1990 N. 42,Fortificazione,1043.0000000000000000000000000000000,./0.png
16.7851344865149,38.9535900523915,2004/01/22,CROPANI - Torre Di Magliacane (CROPANI),DL 22/01/2004,D181,1044.0000000000000000000000000000000,Rudere. Non vi è corrispondenza geografica.,LR 12/04/1990 N. 42,Fortificazione,1044.0000000000000000000000000000000,./0.png
17.0993333280613,38.9000277823061,2004/01/22,ISOLA DI CAPO RIZZUTO - Torre Capo Rizzuto (ISOLA DI CAPO RIZZUTO),DL 22/01/2004,E339,1072.0000000000000000000000000000000,,LR 12/04/1990 N. 42,Fortificazione,1072.0000000000000000000000000000000,./0.png
17.0780271029134,38.9591428946594,2004/01/22,"ISOLA DI CAPO RIZZUTO - Torre Capo Camiti, Mannà (ISOLA DI CAPO RIZZUTO)",DL 22/01/2004,E339,1073.0000000000000000000000000000000,Conservato. Non vi è corrispondenza geografica.,LR 12/04/1990 N. 42,Fortificazione,1073.0000000000000000000000000000000,./0.png
17.0209444436591,38.9066666693702,2004/01/22,ISOLA DI CAPO RIZZUTO - Torre Castella (ISOLA DI CAPO RIZZUTO),DL 22/01/2004,E339,1071.0000000000000000000000000000000,Rudere,LR 12/04/1990 N. 42,Fortificazione,1071.0000000000000000000000000000000,./0.png
17.0978611109339,38.957750001573,2004/01/22,ISOLA DI CAPO RIZZUTO - Castello Via S. Marco (ISOLA DI CAPO RIZZUTO),DL 22/01/2004,E339,1069.0000000000000000000000000000000,Rudere,LR 12/04/1990 N. 42,Fortificazione,1069.0000000000000000000000000000000,./0.png
17.021333337791,38.9069722227184,2004/01/22,ISOLA DI CAPO RIZZUTO - Castello Castella (ISOLA DI CAPO RIZZUTO),DL 22/01/2004,E339,1070.0000000000000000000000000000000,Rudere,LR 12/04/1990 N. 42,Fortificazione,1070.0000000000000000000000000000000,./0.png
16.5556699843559,38.4495545971996,2004/01/22,MONASTERACE - Torre Castellone (Cavallone) (MONASTERACE),DL 22/01/2004,F324,1184.0000000000000000000000000000000,Non vi è corrispondenza geografica.,LR 12/04/1990 N. 42,Fortificazione,1184.0000000000000000000000000000000,./0.png
16.5506111157955,38.4531111117058,2004/01/22,MONASTERACE - Torre Vedera (o Ellera) (MONASTERACE),DL 22/01/2004,F324,1183.0000000000000000000000000000000,Rudere,LR 12/04/1990 N. 42,Fortificazione,1183.0000000000000000000000000000000,./0.png
16.5525277765609,38.4536944472206,2004/01/22,MONASTERACE - Castello  (MONASTERACE),DL 22/01/2004,F324,1182.0000000000000000000000000000000,Rudere Integrato,LR 12/04/1990 N. 42,Fortificazione,1182.0000000000000000000000000000000,./0.png
