X,Y,ID,RISCHIO,icon_url
16.5503989563134,38.7423003405672,"0",PUNTO ATTENZIONE,./0.png
16.5471561683989,38.7437101894778,"0",PUNTO ATTENZIONE,./0.png
16.5427339149,38.7438820738334,"0",PUNTO ATTENZIONE,./0.png
16.5292577646476,38.7421365279029,"0",PUNTO ATTENZIONE,./0.png
16.5450497436704,38.7334950344278,"0",PUNTO ATTENZIONE,./0.png
16.146245740248,38.9767751247919,"0",PUNTO ATTENZIONE,./0.png
16.1487081068078,38.9775262388207,"0",PUNTO ATTENZIONE,./0.png
16.1504030619003,38.9777647697077,"0",PUNTO ATTENZIONE,./0.png
16.1480449597775,38.9713166108116,"0",PUNTO ATTENZIONE,./0.png
16.1490277813043,38.9716904578831,"0",PUNTO ATTENZIONE,./0.png
16.1508716757667,38.9724241023164,"0",PUNTO ATTENZIONE,./0.png
16.1556953532043,38.9746934063403,"0",PUNTO ATTENZIONE,./0.png
16.1553669606791,38.9765975942781,"0",PUNTO ATTENZIONE,./0.png
16.1567034302792,38.9776146417995,"0",PUNTO ATTENZIONE,./0.png
16.1590796842056,38.978914237155,"0",PUNTO ATTENZIONE,./0.png
16.1610202818576,38.9769421161323,"0",PUNTO ATTENZIONE,./0.png
16.1569712314512,38.9750424806194,"0",PUNTO ATTENZIONE,./0.png
16.1574880152941,38.9752297011166,"0",PUNTO ATTENZIONE,./0.png
16.154030152244,38.9796327700594,"0",PUNTO ATTENZIONE,./0.png
16.1576292510266,38.9831313219861,"0",PUNTO ATTENZIONE,./0.png
16.4846770864762,38.6511482277191,"0",PUNTO ATTENZIONE,./0.png
16.4850218097753,38.650276336947,"0",PUNTO ATTENZIONE,./0.png
16.4856622424169,38.6507572333158,"0",PUNTO ATTENZIONE,./0.png
16.4854178191752,38.6505346526262,"0",PUNTO ATTENZIONE,./0.png
16.4892438968606,38.6536030641843,"0",PUNTO ATTENZIONE,./0.png
16.4832153274575,38.6467575763685,"0",PUNTO ATTENZIONE,./0.png
16.504931419852,38.7384776002952,"0",PUNTO ATTENZIONE,./0.png
16.5048971760629,38.7387309307698,"0",PUNTO ATTENZIONE,./0.png
16.5037146084748,38.7407847635278,"0",PUNTO ATTENZIONE,./0.png
16.5242982607859,38.6667602352689,"0",PUNTO ATTENZIONE,./0.png
16.5249599694082,38.6665091671051,"0",PUNTO ATTENZIONE,./0.png
16.5196547065585,38.6673882585563,"0",PUNTO ATTENZIONE,./0.png
16.522983740811,38.667969206847,"0",PUNTO ATTENZIONE,./0.png
16.0009088004895,38.2796032965766,"0",PUNTO ATTENZIONE,./0.png
15.9366450373218,38.2514496151253,"0",PUNTO ATTENZIONE,./0.png
15.9137461194069,38.2331202238073,"0",PUNTO ATTENZIONE,./0.png
15.9166653329615,38.2374841887405,"0",PUNTO ATTENZIONE,./0.png
15.9168522492665,38.2369125487519,"0",PUNTO ATTENZIONE,./0.png
15.9169980749897,38.2362727502213,"0",PUNTO ATTENZIONE,./0.png
15.915134545382,38.2349675378601,"0",PUNTO ATTENZIONE,./0.png
15.9166170078787,38.2352410592426,"0",PUNTO ATTENZIONE,./0.png
16.2081306548135,38.211642325266,"0",PUNTO ATTENZIONE,./0.png
16.2070117051954,38.2123990757942,"0",PUNTO ATTENZIONE,./0.png
16.0731181323561,38.4013006637467,"0",PUNTO ATTENZIONE,./0.png
16.0756505578618,38.3996338295794,"0",PUNTO ATTENZIONE,./0.png
16.0813792037557,38.3976534067115,"0",PUNTO ATTENZIONE,./0.png
16.9630670354232,39.2166271251337,"0",PUNTO ATTENZIONE,./0.png
17.0177896654204,39.2141864295746,"0",PUNTO ATTENZIONE,./0.png
16.0069070452346,38.610686335891,"0",PUNTO ATTENZIONE,./0.png
16.0168352027581,38.6090542149572,"0",PUNTO ATTENZIONE,./0.png
15.9976970909499,38.5967541321353,"0",PUNTO ATTENZIONE,./0.png
16.0007907115755,38.5950604447683,"0",PUNTO ATTENZIONE,./0.png
16.0039338543204,38.5934181476917,"0",PUNTO ATTENZIONE,./0.png
16.2115641818738,38.629663171439,"0",PUNTO ATTENZIONE,./0.png
16.6313407383856,38.8617168701967,"0",PUNTO ATTENZIONE,./0.png
16.6486541334103,38.8502442279787,"0",PUNTO ATTENZIONE,./0.png
16.635456974833,38.8682796913157,"0",PUNTO ATTENZIONE,./0.png
16.6348010492136,38.8742723418914,"0",PUNTO ATTENZIONE,./0.png
16.6272978458017,38.8874795683029,"0",PUNTO ATTENZIONE,./0.png
16.6259998826764,38.8970930481759,"0",PUNTO ATTENZIONE,./0.png
16.6261058356875,38.8984491243723,"0",PUNTO ATTENZIONE,./0.png
16.4547674800835,40.0413976024926,"0",PUNTO ATTENZIONE,./0.png
15.662175974829,38.1228961127202,"0",PUNTO ATTENZIONE,./0.png
16.4089326337613,38.9055683806201,"0",PUNTO ATTENZIONE,./0.png
16.3810161260203,38.8748110137143,"0",PUNTO ATTENZIONE,./0.png
16.385678022263,38.8747033481527,"0",PUNTO ATTENZIONE,./0.png
16.3385610295106,38.8858622150121,"0",PUNTO ATTENZIONE,./0.png
16.3421551171466,38.8715392396837,"0",PUNTO ATTENZIONE,./0.png
16.3020880957947,38.8859030434571,"0",PUNTO ATTENZIONE,./0.png
16.3375182397147,38.8456507739235,"0",PUNTO ATTENZIONE,./0.png
16.3413597511879,38.8458105948418,"0",PUNTO ATTENZIONE,./0.png
16.0497438539295,39.3013403393642,"0",PUNTO ATTENZIONE,./0.png
16.0511267846508,39.3016740671443,"0",PUNTO ATTENZIONE,./0.png
16.1845316534344,38.6078269159887,"0",PUNTO ATTENZIONE,./0.png
16.1543810456342,38.6734578466057,"0",PUNTO ATTENZIONE,./0.png
16.1585072268661,38.6236277851435,"0",PUNTO ATTENZIONE,./0.png
16.1671932048043,38.632848000946,"0",PUNTO ATTENZIONE,./0.png
16.1676339880577,38.5792788711521,"0",PUNTO ATTENZIONE,./0.png
16.2196335976602,38.5874063077228,"0",PUNTO ATTENZIONE,./0.png
16.2363601295889,38.5666635197139,"0",PUNTO ATTENZIONE,./0.png
15.8883435668613,37.9286064049544,"0",PUNTO ATTENZIONE,./0.png
15.8903942920176,37.9729101671121,"0",PUNTO ATTENZIONE,./0.png
15.8788723027488,37.9866658105832,"0",PUNTO ATTENZIONE,./0.png
15.8679320151688,37.9297948052887,"0",PUNTO ATTENZIONE,./0.png
15.8714277348509,37.929858897864,"0",PUNTO ATTENZIONE,./0.png
15.8710935448574,37.9280398152407,"0",PUNTO ATTENZIONE,./0.png
15.8733476907099,37.9930303110098,"0",PUNTO ATTENZIONE,./0.png
15.8703564651922,38.0024157142583,"0",PUNTO ATTENZIONE,./0.png
15.8647916627513,38.0012502213086,"0",PUNTO ATTENZIONE,./0.png
16.0631873262031,38.3429544172113,"0",PUNTO ATTENZIONE,./0.png
16.0656406532865,38.3980555196303,"0",PUNTO ATTENZIONE,./0.png
16.0423084171017,38.4413635976869,"0",PUNTO ATTENZIONE,./0.png
16.0759486796927,38.3881731383407,"0",PUNTO ATTENZIONE,./0.png
16.252513076245,39.3278982338822,"0",PUNTO ATTENZIONE,./0.png
16.2416320273079,39.3182160775619,"0",PUNTO ATTENZIONE,./0.png
16.2365352817556,39.3141134898868,"0",PUNTO ATTENZIONE,./0.png
17.0521511406266,39.4383366897358,"0",PUNTO ATTENZIONE,./0.png
16.0429785384318,38.6139943713934,"0",PUNTO ATTENZIONE,./0.png
16.0327364932518,38.6154984968333,"0",PUNTO ATTENZIONE,./0.png
16.0327364932518,38.6154984968333,"0",PUNTO ATTENZIONE,./0.png
16.2489733955361,38.9131391648371,"0",PUNTO ATTENZIONE,./0.png
16.2884707136081,38.8989104268808,"0",PUNTO ATTENZIONE,./0.png
16.2843028476383,38.8953190683034,"0",PUNTO ATTENZIONE,./0.png
16.2991619009677,38.8478365000344,"0",PUNTO ATTENZIONE,./0.png
16.2854821968473,38.8257797119452,"0",PUNTO ATTENZIONE,./0.png
16.3810671622165,38.6614792047194,"0",PUNTO ATTENZIONE,./0.png
16.5199407280444,38.9004905411992,"0",PUNTO ATTENZIONE,./0.png
16.5157154253096,38.9031670997234,"0",PUNTO ATTENZIONE,./0.png
16.514703230224,38.9019295184698,"0",PUNTO ATTENZIONE,./0.png
16.5080981607925,38.9028087307031,"0",PUNTO ATTENZIONE,./0.png
16.6395444828063,38.9004767041467,"0",PUNTO ATTENZIONE,./0.png
16.6685339608743,38.8531493139072,"0",PUNTO ATTENZIONE,./0.png
16.6868554282351,38.8677475220831,"0",PUNTO ATTENZIONE,./0.png
16.7051820572955,38.8768887246582,"0",PUNTO ATTENZIONE,./0.png
16.145665649661,38.4416254995755,"0",PUNTO ATTENZIONE,./0.png
16.2795807963773,38.3295571279444,"0",PUNTO ATTENZIONE,./0.png
16.2848691307906,38.3404362986311,"0",PUNTO ATTENZIONE,./0.png
16.2810518580495,38.354190397312,"0",PUNTO ATTENZIONE,./0.png
15.8373062676067,38.0709395183562,"0",PUNTO ATTENZIONE,./0.png
15.9358801531722,38.2521443822682,"0",PUNTO ATTENZIONE,./0.png
15.9338904216221,38.248399834333,"0",PUNTO ATTENZIONE,./0.png
15.9307457109175,38.2395841642705,"0",PUNTO ATTENZIONE,./0.png
15.899090678307,38.2678484635207,"0",PUNTO ATTENZIONE,./0.png
15.9188683893017,38.2621881875417,"0",PUNTO ATTENZIONE,./0.png
16.0613409888349,38.5050028888071,"0",PUNTO ATTENZIONE,./0.png
15.8571830449163,38.3657223127748,"0",PUNTO ATTENZIONE,./0.png
15.867622352823,38.3994662624736,"0",PUNTO ATTENZIONE,./0.png
15.7363830331264,38.2106115457134,"0",PUNTO ATTENZIONE,./0.png
15.6347331956766,38.2193768862766,"0",PUNTO ATTENZIONE,./0.png
15.6343652529316,38.2225227620882,"0",PUNTO ATTENZIONE,./0.png
15.6742328035422,38.2402679579895,"0",PUNTO ATTENZIONE,./0.png
15.6865870600046,38.246883416048,"0",PUNTO ATTENZIONE,./0.png
15.7435484501958,37.9310758864835,"0",PUNTO ATTENZIONE,./0.png
15.7591426823274,37.9243583795943,"0",PUNTO ATTENZIONE,./0.png
15.7592849906515,37.9254788786535,"0",PUNTO ATTENZIONE,./0.png
15.6557361849953,37.9826523532339,"0",PUNTO ATTENZIONE,./0.png
16.0426619654283,38.2239580482107,"0",PUNTO ATTENZIONE,./0.png
16.0429766912634,38.2204280522636,"0",PUNTO ATTENZIONE,./0.png
16.0430225648071,38.2226974473298,"0",PUNTO ATTENZIONE,./0.png
16.2222234213867,38.3027588150497,"0",PUNTO ATTENZIONE,./0.png
16.228732407491,38.3018197099317,"0",PUNTO ATTENZIONE,./0.png
16.1916732102505,38.1792175042401,"0",PUNTO ATTENZIONE,./0.png
16.1999115182296,38.1722816989928,"0",PUNTO ATTENZIONE,./0.png
16.2011898607459,38.1714324699576,"0",PUNTO ATTENZIONE,./0.png
16.202575623915,38.1710785961242,"0",PUNTO ATTENZIONE,./0.png
16.3299601480424,39.2309333247857,"0",PUNTO ATTENZIONE,./0.png
16.1706727396275,38.2536738062981,"0",PUNTO ATTENZIONE,./0.png
16.1296577382691,38.2460657956333,"0",PUNTO ATTENZIONE,./0.png
16.0997005333676,38.2395819976741,"0",PUNTO ATTENZIONE,./0.png
16.2360402410122,38.2051007973482,"0",PUNTO ATTENZIONE,./0.png
16.2308512685904,38.200318072946,"0",PUNTO ATTENZIONE,./0.png
16.0623650655648,38.0607101269857,"0",PUNTO ATTENZIONE,./0.png
15.9771388252179,38.3094009138954,"0",PUNTO ATTENZIONE,./0.png
16.294581012497,39.8177330560402,"0",PUNTO ATTENZIONE,./0.png
16.2691985412004,39.8357242836906,"0",PUNTO ATTENZIONE,./0.png
15.7967231760904,39.7964010424003,"0",PUNTO ATTENZIONE,./0.png
16.435077486811,40.126134653578,"0",PUNTO ATTENZIONE,./0.png
15.8591357779823,39.6052349251628,"0",PUNTO ATTENZIONE,./0.png
15.9745516497727,39.4679966596506,"0",PUNTO ATTENZIONE,./0.png
15.9502635640473,39.4966497835908,"0",PUNTO ATTENZIONE,./0.png
16.1649828263085,39.728384694027,"0",PUNTO ATTENZIONE,./0.png
16.7139380281295,38.8818836601709,"0",PUNTO ATTENZIONE,./0.png
16.7185455173674,38.8844102001062,"0",PUNTO ATTENZIONE,./0.png
16.7300326505318,38.8962200037185,"0",PUNTO ATTENZIONE,./0.png
16.1517246600987,38.4398493348922,"0",PUNTO ATTENZIONE,./0.png
15.7555032921303,38.2080307078154,"0",PUNTO ATTENZIONE,./0.png
16.3439366988378,38.439749907662,"0",PUNTO ATTENZIONE,./0.png
16.3521365524809,38.444607079437,"0",PUNTO ATTENZIONE,./0.png
16.4878127263953,38.3578755715683,"0",PUNTO ATTENZIONE,./0.png
16.1393699373617,38.0491676393668,"0",PUNTO ATTENZIONE,./0.png
15.772919839766,38.0846089987197,"0",PUNTO ATTENZIONE,./0.png
16.3784428547819,38.6366233508082,"0",PUNTO ATTENZIONE,./0.png
16.5706637675655,39.6203477848843,"0",PUNTO ATTENZIONE,./0.png
16.4677221644597,38.6991418067063,"0",PUNTO ATTENZIONE,./0.png
16.1150693729974,37.9824518232219,"0",PUNTO ATTENZIONE,./0.png
16.5659629393986,38.7724957906403,"0",PUNTO ATTENZIONE,./0.png
16.5638939380506,38.7745239811508,"0",PUNTO ATTENZIONE,./0.png
16.1415378176785,39.574684377688,"0",PUNTO ATTENZIONE,./0.png
16.1412293323081,39.5910540993835,"0",PUNTO ATTENZIONE,./0.png
16.1611898612036,39.5811409998746,"0",PUNTO ATTENZIONE,./0.png
16.2100078594509,39.6215182479885,"0",PUNTO ATTENZIONE,./0.png
16.2016133413417,39.6010113829782,"0",PUNTO ATTENZIONE,./0.png
16.1306604142863,39.5066541971744,"0",PUNTO ATTENZIONE,./0.png
16.0524822268707,39.6068248108517,"0",PUNTO ATTENZIONE,./0.png
16.0974921631964,39.6240908991943,"0",PUNTO ATTENZIONE,./0.png
16.128916388343,39.6258472277067,"0",PUNTO ATTENZIONE,./0.png
16.2699916176318,39.6074628885928,"0",PUNTO ATTENZIONE,./0.png
16.2522088907613,39.5811491477078,"0",PUNTO ATTENZIONE,./0.png
16.7665411338547,39.4079309709893,"0",PUNTO ATTENZIONE,./0.png
16.1342475589189,38.0186616583837,"0",PUNTO ATTENZIONE,./0.png
16.132117420144,38.0131790474315,"0",PUNTO ATTENZIONE,./0.png
16.1242120922359,38.0010226062281,"0",PUNTO ATTENZIONE,./0.png
16.0720324900926,38.0787369404703,"0",PUNTO ATTENZIONE,./0.png
16.2196750828366,38.1886724330975,"0",PUNTO ATTENZIONE,./0.png
16.3280329236241,39.2356234308159,"0",PUNTO ATTENZIONE,./0.png
16.3311423410232,39.2360278244679,"0",PUNTO ATTENZIONE,./0.png
16.0178559584493,38.3346939010254,"0",PUNTO ATTENZIONE,./0.png
15.8432995458032,38.3649441354669,"0",PUNTO ATTENZIONE,./0.png
16.7787476941427,39.6040800677283,"0",PUNTO ATTENZIONE,./0.png
15.9390980037619,38.2809668196371,"0",PUNTO ATTENZIONE,./0.png
16.3420389546622,39.7851344488008,"0",PUNTO ATTENZIONE,./0.png
16.3261149162469,39.780380321731,"0",PUNTO ATTENZIONE,./0.png
16.4666792728653,39.7680345194619,"0",PUNTO ATTENZIONE,./0.png
16.4875948905716,39.7419069963483,"0",PUNTO ATTENZIONE,./0.png
16.4547800136583,39.7496953257151,"0",PUNTO ATTENZIONE,./0.png
16.4535143013659,39.7480883348503,"0",PUNTO ATTENZIONE,./0.png
16.4486666888177,39.7470011679171,"0",PUNTO ATTENZIONE,./0.png
16.4836546183149,39.7263775898769,"0",PUNTO ATTENZIONE,./0.png
16.448595790005,39.7235088612809,"0",PUNTO ATTENZIONE,./0.png
16.30804827227,39.7168920416533,"0",PUNTO ATTENZIONE,./0.png
16.3001028991411,39.7189365702247,"0",PUNTO ATTENZIONE,./0.png
16.4528313742762,39.7000951580327,"0",PUNTO ATTENZIONE,./0.png
16.4690176954766,39.7076149132206,"0",PUNTO ATTENZIONE,./0.png
16.4969173858608,39.7102464067086,"0",PUNTO ATTENZIONE,./0.png
16.3252114444209,39.7495881557482,"0",PUNTO ATTENZIONE,./0.png
16.779162608612,39.5093385466451,"0",PUNTO ATTENZIONE,./0.png
16.8155616434419,39.5862779333721,"0",PUNTO ATTENZIONE,./0.png
16.8821502520856,39.5297774208537,"0",PUNTO ATTENZIONE,./0.png
16.8657959879425,39.5367108775109,"0",PUNTO ATTENZIONE,./0.png
16.8564460993966,39.5424414002004,"0",PUNTO ATTENZIONE,./0.png
16.9005595407771,39.5229208640738,"0",PUNTO ATTENZIONE,./0.png
16.0216287149101,38.3433499097678,"0",PUNTO ATTENZIONE,./0.png
16.0159591681013,38.3431002109981,"0",PUNTO ATTENZIONE,./0.png
16.0060289873145,38.3430759941492,"0",PUNTO ATTENZIONE,./0.png
15.9860343380065,38.338328231585,"0",PUNTO ATTENZIONE,./0.png
15.9515287956143,38.3590005024446,"0",PUNTO ATTENZIONE,./0.png
15.9354672150732,38.3623708250331,"0",PUNTO ATTENZIONE,./0.png
16.3059754065604,38.2752629442429,"0",PUNTO ATTENZIONE,./0.png
16.2800593051784,38.2507446829666,"0",PUNTO ATTENZIONE,./0.png
16.4237902060858,39.814081592789,"0",PUNTO ATTENZIONE,./0.png
16.4195222283371,39.8193791088952,"0",PUNTO ATTENZIONE,./0.png
16.4164575573641,39.8280337372249,"0",PUNTO ATTENZIONE,./0.png
16.4087392071562,39.8232571498623,"0",PUNTO ATTENZIONE,./0.png
16.02998490414,38.4537093913565,"0",PUNTO ATTENZIONE,./0.png
16.0328271062432,38.4758945984782,"0",PUNTO ATTENZIONE,./0.png
16.0105180780886,38.4922174490624,"0",PUNTO ATTENZIONE,./0.png
16.0066776617219,38.4937101406241,"0",PUNTO ATTENZIONE,./0.png
16.0017015982778,38.5027897324433,"0",PUNTO ATTENZIONE,./0.png
15.98801091074,38.5006081302135,"0",PUNTO ATTENZIONE,./0.png
15.9685523937844,38.4827878570095,"0",PUNTO ATTENZIONE,./0.png
15.969350499089,38.4960477864807,"0",PUNTO ATTENZIONE,./0.png
15.9239113846995,38.5037890552815,"0",PUNTO ATTENZIONE,./0.png
16.050600480025,38.6268229490795,"0",PUNTO ATTENZIONE,./0.png
16.4535906659069,38.750870719895,"0",PUNTO ATTENZIONE,./0.png
16.5195598311851,40.0948196832955,"0",PUNTO ATTENZIONE,./0.png
15.8362155688043,39.7962365790182,"0",PUNTO ATTENZIONE,./0.png
15.8264852852621,39.7855250985487,"0",PUNTO ATTENZIONE,./0.png
16.0067734352149,38.5032535914579,"0",PUNTO ATTENZIONE,./0.png
16.0378555735394,38.5091596546354,"0",PUNTO ATTENZIONE,./0.png
16.0492879554917,38.5103781786761,"0",PUNTO ATTENZIONE,./0.png
16.8514298302184,39.5462107518089,"0",PUNTO ATTENZIONE,./0.png
16.8530776171533,39.5449042091356,"0",PUNTO ATTENZIONE,./0.png
16.7249126376754,38.9329628822283,"0",PUNTO ATTENZIONE,./0.png
16.7094979661178,38.9620334862386,"0",PUNTO ATTENZIONE,./0.png
17.1084850552044,39.3016887329659,"0",PUNTO ATTENZIONE,./0.png
17.1084616312375,39.3115224657681,"0",PUNTO ATTENZIONE,./0.png
17.108717961887,39.3147527099019,"0",PUNTO ATTENZIONE,./0.png
15.9117120489202,38.379957255511,"0",PUNTO ATTENZIONE,./0.png
15.9081987633348,38.401471518857,"0",PUNTO ATTENZIONE,./0.png
15.8923897643934,38.4150428180199,"0",PUNTO ATTENZIONE,./0.png
15.9042315675352,38.432216136916,"0",PUNTO ATTENZIONE,./0.png
15.9015722675047,38.4328420197812,"0",PUNTO ATTENZIONE,./0.png
15.8980947617103,38.4344055851455,"0",PUNTO ATTENZIONE,./0.png
15.8938791444611,38.4362075028334,"0",PUNTO ATTENZIONE,./0.png
16.9309397587092,39.1727141347712,"0",PUNTO ATTENZIONE,./0.png
17.0677466284195,39.2012408669231,"0",PUNTO ATTENZIONE,./0.png
17.108663046739,39.1981727706065,"0",PUNTO ATTENZIONE,./0.png
17.1130992635771,39.2026266116693,"0",PUNTO ATTENZIONE,./0.png
16.1457367720752,38.0801972166262,"0",PUNTO ATTENZIONE,./0.png
16.1399903968678,38.0587234392902,"0",PUNTO ATTENZIONE,./0.png
16.1401923321279,38.0492766218256,"0",PUNTO ATTENZIONE,./0.png
15.7740225111013,39.9254252898662,"0",PUNTO ATTENZIONE,./0.png
16.252366727813,39.6564960792737,"0",PUNTO ATTENZIONE,./0.png
16.2528286648485,39.6612760175627,"0",PUNTO ATTENZIONE,./0.png
16.8344211230259,38.930018479471,"0",PUNTO ATTENZIONE,./0.png
16.5766992869471,38.503262539528,"0",PUNTO ATTENZIONE,./0.png
15.772919839766,38.0846089987197,"0",PUNTO ATTENZIONE,./0.png
16.2818825737671,38.3345229139739,"0",PUNTO ATTENZIONE,./0.png
16.2570734599851,39.0445223553188,"0",PUNTO ATTENZIONE,./0.png
16.2493557354198,39.0992131439214,"0",PUNTO ATTENZIONE,./0.png
16.2931976283191,39.0697110052672,"0",PUNTO ATTENZIONE,./0.png
16.2867821128403,39.0727843935957,"0",PUNTO ATTENZIONE,./0.png
16.2894279170045,39.0715811189105,"0",PUNTO ATTENZIONE,./0.png
16.2637409192505,39.0897852917418,"0",PUNTO ATTENZIONE,./0.png
16.0089143147698,38.5317661719829,"0",PUNTO ATTENZIONE,./0.png
16.030244550465,38.5555085524351,"0",PUNTO ATTENZIONE,./0.png
16.0213656897831,38.5491740192449,"0",PUNTO ATTENZIONE,./0.png
15.9969262038251,38.528419677216,"0",PUNTO ATTENZIONE,./0.png
15.9837657636565,38.5578485834364,"0",PUNTO ATTENZIONE,./0.png
15.9717236333947,38.2532637087088,"0",PUNTO ATTENZIONE,./0.png
15.9552812819668,38.2514758982304,"0",PUNTO ATTENZIONE,./0.png
16.1017290717695,38.3863436447122,"0",PUNTO ATTENZIONE,./0.png
16.1069345585395,38.3841979548349,"0",PUNTO ATTENZIONE,./0.png
16.1050167162072,38.3889501284022,"0",PUNTO ATTENZIONE,./0.png
16.0933560442533,38.3846535446995,"0",PUNTO ATTENZIONE,./0.png
16.0907207002652,38.3794818818122,"0",PUNTO ATTENZIONE,./0.png
15.9390980037619,38.2809668196371,"0",PUNTO ATTENZIONE,./0.png
16.4281679889771,38.7140197984992,"0",PUNTO ATTENZIONE,./0.png
16.2083992235386,39.5097326269982,"0",PUNTO ATTENZIONE,./0.png
16.2100321432862,39.5096869042298,"0",PUNTO ATTENZIONE,./0.png
16.2190536723671,39.5329334795301,"0",PUNTO ATTENZIONE,./0.png
16.1558850013211,39.4975573595317,"0",PUNTO ATTENZIONE,./0.png
16.1325570640237,39.4977574113959,"0",PUNTO ATTENZIONE,./0.png
16.1067083092005,39.4777186227271,"0",PUNTO ATTENZIONE,./0.png
16.1542298638406,39.3391151715199,"0",PUNTO ATTENZIONE,./0.png
16.1426901491037,39.3362664642898,"0",PUNTO ATTENZIONE,./0.png
16.1398380420909,39.342448236374,"0",PUNTO ATTENZIONE,./0.png
16.1300580394683,39.3505728323027,"0",PUNTO ATTENZIONE,./0.png
16.7022013759467,39.2440616790283,"0",PUNTO ATTENZIONE,./0.png
16.7049468773491,39.2455036526012,"0",PUNTO ATTENZIONE,./0.png
16.6531694474795,39.2697115064745,"0",PUNTO ATTENZIONE,./0.png
16.6603063323884,39.2657355429492,"0",PUNTO ATTENZIONE,./0.png
16.6787308379062,39.2655760093448,"0",PUNTO ATTENZIONE,./0.png
16.4113295739654,39.1604819461744,"0",PUNTO ATTENZIONE,./0.png
16.4155187683568,39.1606867062545,"0",PUNTO ATTENZIONE,./0.png
16.4159881489389,39.1619633929319,"0",PUNTO ATTENZIONE,./0.png
16.1768808027216,39.388779747577,"0",PUNTO ATTENZIONE,./0.png
16.185523094525,39.3892888183509,"0",PUNTO ATTENZIONE,./0.png
16.1971908637729,39.3928699505496,"0",PUNTO ATTENZIONE,./0.png
16.2360981797592,39.3991892523502,"0",PUNTO ATTENZIONE,./0.png
16.2146832689738,39.6599988305019,"0",PUNTO ATTENZIONE,./0.png
16.2343635811491,39.6629221697469,"0",PUNTO ATTENZIONE,./0.png
16.2186022991259,39.6776351850652,"0",PUNTO ATTENZIONE,./0.png
16.1908136893508,39.6766753268566,"0",PUNTO ATTENZIONE,./0.png
16.1884494059344,39.6786232306216,"0",PUNTO ATTENZIONE,./0.png
16.1688920768682,39.2498556647713,"0",PUNTO ATTENZIONE,./0.png
16.1628154855835,39.2499165001085,"0",PUNTO ATTENZIONE,./0.png
16.165078691711,39.2512657331251,"0",PUNTO ATTENZIONE,./0.png
16.1720901605089,39.2629625961188,"0",PUNTO ATTENZIONE,./0.png
16.1672062485891,39.2657975166552,"0",PUNTO ATTENZIONE,./0.png
16.175177690557,39.2714888671753,"0",PUNTO ATTENZIONE,./0.png
16.1770125064022,39.2715336651619,"0",PUNTO ATTENZIONE,./0.png
16.1928079590299,39.2552806397726,"0",PUNTO ATTENZIONE,./0.png
16.1934052961022,39.2640753254434,"0",PUNTO ATTENZIONE,./0.png
16.1889358615016,39.2745515188257,"0",PUNTO ATTENZIONE,./0.png
16.1990956720918,39.2835331384513,"0",PUNTO ATTENZIONE,./0.png
16.182113929242,39.2994623646444,"0",PUNTO ATTENZIONE,./0.png
16.1836412998285,39.3042379263557,"0",PUNTO ATTENZIONE,./0.png
16.1789002361881,39.301807841494,"0",PUNTO ATTENZIONE,./0.png
16.1693282433376,39.3028206576399,"0",PUNTO ATTENZIONE,./0.png
16.3383285094727,39.1986579626599,"0",PUNTO ATTENZIONE,./0.png
16.3199352141358,39.1963158352172,"0",PUNTO ATTENZIONE,./0.png
16.3416750348914,39.2091083024544,"0",PUNTO ATTENZIONE,./0.png
15.9952882565009,39.4446168843454,"0",PUNTO ATTENZIONE,./0.png
16.0003142959554,39.4354294315084,"0",PUNTO ATTENZIONE,./0.png
16.0037923123201,39.4270287802317,"0",PUNTO ATTENZIONE,./0.png
16.0235864270854,39.3856563815208,"0",PUNTO ATTENZIONE,./0.png
16.0145891158079,39.4055534588955,"0",PUNTO ATTENZIONE,./0.png
16.0084268430751,39.4160876598682,"0",PUNTO ATTENZIONE,./0.png
16.2552302928981,39.2345439021407,"0",PUNTO ATTENZIONE,./0.png
16.27105222614,39.2405919999144,"0",PUNTO ATTENZIONE,./0.png
16.3946234432532,39.120898268568,"0",PUNTO ATTENZIONE,./0.png
16.1960621772538,39.2843684576575,"0",PUNTO ATTENZIONE,./0.png
16.1889438916854,39.2889476957988,"0",PUNTO ATTENZIONE,./0.png
16.170530429186,39.2926640747318,"0",PUNTO ATTENZIONE,./0.png
16.4177935276103,39.1067298848812,"0",PUNTO ATTENZIONE,./0.png
16.4276440519581,39.1140595496544,"0",PUNTO ATTENZIONE,./0.png
16.0651696068479,39.16900254677,"0",PUNTO ATTENZIONE,./0.png
16.0654424900424,39.1580195818417,"0",PUNTO ATTENZIONE,./0.png
16.0789129246223,39.1261530587645,"0",PUNTO ATTENZIONE,./0.png
16.1752185358953,39.1249027992705,"0",PUNTO ATTENZIONE,./0.png
16.1665468509895,39.3202171846737,"0",PUNTO ATTENZIONE,./0.png
16.1689389011733,39.3429789104287,"0",PUNTO ATTENZIONE,./0.png
16.2444724352794,39.3229237277435,"0",PUNTO ATTENZIONE,./0.png
16.2632202333842,39.3620402443341,"0",PUNTO ATTENZIONE,./0.png
16.2334806239274,39.3827586758828,"0",PUNTO ATTENZIONE,./0.png
16.2302454567949,39.381351476764,"0",PUNTO ATTENZIONE,./0.png
16.6998456722522,39.4830395770651,"0",PUNTO ATTENZIONE,./0.png
16.6859438872061,39.467095940992,"0",PUNTO ATTENZIONE,./0.png
16.6725294671052,39.4675558812877,"0",PUNTO ATTENZIONE,./0.png
15.9943406545843,39.4490385565746,"0",PUNTO ATTENZIONE,./0.png
15.9925304819597,39.4476149912871,"0",PUNTO ATTENZIONE,./0.png
15.9771907205241,39.470592754441,"0",PUNTO ATTENZIONE,./0.png
15.9919943104768,39.4753496690762,"0",PUNTO ATTENZIONE,./0.png
15.9598848227643,39.4812802243739,"0",PUNTO ATTENZIONE,./0.png
16.0683884088923,39.5566876630903,"0",PUNTO ATTENZIONE,./0.png
16.0796545225464,39.582833108474,"0",PUNTO ATTENZIONE,./0.png
16.0978974117996,39.6006336142828,"0",PUNTO ATTENZIONE,./0.png
16.1195729176484,39.6225595728296,"0",PUNTO ATTENZIONE,./0.png
16.0808087590858,39.6176732813308,"0",PUNTO ATTENZIONE,./0.png
15.8927361925172,39.5420054981076,"0",PUNTO ATTENZIONE,./0.png
15.8728704732739,39.5607540982879,"0",PUNTO ATTENZIONE,./0.png
16.8192418408092,39.5784717042021,"0",PUNTO ATTENZIONE,./0.png
16.7188680145091,39.6062110957969,"0",PUNTO ATTENZIONE,./0.png
16.7191503313757,39.6068652087165,"0",PUNTO ATTENZIONE,./0.png
16.6797203929195,39.5935989217666,"0",PUNTO ATTENZIONE,./0.png
16.6470820641886,39.5915049751569,"0",PUNTO ATTENZIONE,./0.png
16.6512900356802,39.5973160388775,"0",PUNTO ATTENZIONE,./0.png
16.6583404497292,39.6013358042422,"0",PUNTO ATTENZIONE,./0.png
16.6104910947863,39.6036653483082,"0",PUNTO ATTENZIONE,./0.png
16.6047646926954,39.6057221084828,"0",PUNTO ATTENZIONE,./0.png
16.5935058007051,39.5870579068743,"0",PUNTO ATTENZIONE,./0.png
16.591624742322,39.591611538901,"0",PUNTO ATTENZIONE,./0.png
16.5850187173599,39.6111962955705,"0",PUNTO ATTENZIONE,./0.png
16.5738402330157,39.6290351649721,"0",PUNTO ATTENZIONE,./0.png
16.4033339883396,39.7848237675547,"0",PUNTO ATTENZIONE,./0.png
16.5081040404786,39.8423327927342,"0",PUNTO ATTENZIONE,./0.png
16.510812323178,39.8401998455016,"0",PUNTO ATTENZIONE,./0.png
16.5114021279138,39.8396555756811,"0",PUNTO ATTENZIONE,./0.png
16.483659189719,39.7982809954273,"0",PUNTO ATTENZIONE,./0.png
16.4780619715316,39.7999623002609,"0",PUNTO ATTENZIONE,./0.png
16.4770212173028,39.8001299472899,"0",PUNTO ATTENZIONE,./0.png
16.475713970964,39.8058573936255,"0",PUNTO ATTENZIONE,./0.png
16.4809303952845,39.8043829252736,"0",PUNTO ATTENZIONE,./0.png
16.4857275010394,39.8027065963324,"0",PUNTO ATTENZIONE,./0.png
16.4865693699187,39.8025655604127,"0",PUNTO ATTENZIONE,./0.png
16.3299252144128,39.900024505685,"0",PUNTO ATTENZIONE,./0.png
16.3229921469879,39.9016440443784,"0",PUNTO ATTENZIONE,./0.png
16.2693308500347,39.833682833694,"0",PUNTO ATTENZIONE,./0.png
16.2937063961217,39.8180138584357,"0",PUNTO ATTENZIONE,./0.png
16.2892666481361,39.8205269267629,"0",PUNTO ATTENZIONE,./0.png
15.9051637231861,39.796880728839,"0",PUNTO ATTENZIONE,./0.png
15.9917733035781,39.8915892389857,"0",PUNTO ATTENZIONE,./0.png
16.1573197469083,39.7683203145413,"0",PUNTO ATTENZIONE,./0.png
16.0245473356699,39.6584117558917,"0",PUNTO ATTENZIONE,./0.png
15.860673947595,39.6055960374172,"0",PUNTO ATTENZIONE,./0.png
15.7857499149335,39.8887984019769,"0",PUNTO ATTENZIONE,./0.png
15.7976975750592,39.8570190009013,"0",PUNTO ATTENZIONE,./0.png
15.7991104354638,39.7967024336262,"0",PUNTO ATTENZIONE,./0.png
15.9777008071514,38.3089208481833,"0",PUNTO ATTENZIONE,./0.png
15.9270267018798,38.3099295053375,"0",PUNTO ATTENZIONE,./0.png
15.9207641695744,38.3377011733129,"0",PUNTO ATTENZIONE,./0.png
15.9535976370031,38.3228560118022,"0",PUNTO ATTENZIONE,./0.png
16.2370124289609,39.5371761689817,"0",PUNTO ATTENZIONE,./0.png
15.8667437414235,39.5822711202166,"0",PUNTO ATTENZIONE,./0.png
15.8704891277406,39.5861213366472,"0",PUNTO ATTENZIONE,./0.png
15.9100568396324,39.5991435591254,"0",PUNTO ATTENZIONE,./0.png
16.9555386430942,39.4381872221998,"0",PUNTO ATTENZIONE,./0.png
16.9859893941311,39.4545795027208,"0",PUNTO ATTENZIONE,./0.png
16.1411018737997,39.1709824679292,"0",PUNTO ATTENZIONE,./0.png
16.5706637675655,39.6203477848843,"0",PUNTO ATTENZIONE,./0.png
16.0671072733222,39.7303737040622,"0",PUNTO ATTENZIONE,./0.png
15.9390980037619,38.2809668196371,"0",PUNTO ATTENZIONE,./0.png
16.4666792728653,39.7680345194619,"0",PUNTO ATTENZIONE,./0.png
16.0120424450666,38.670824385278,"0",PUNTO ATTENZIONE,./0.png
16.0340913473365,38.6758541640049,"0",PUNTO ATTENZIONE,./0.png
16.0195759659687,38.6820389265213,"0",PUNTO ATTENZIONE,./0.png
16.2936664930632,38.6850314539559,"0",PUNTO ATTENZIONE,./0.png
16.4168641481851,38.5695036413798,"0",PUNTO ATTENZIONE,./0.png
16.4140237896375,38.5689421004163,"0",PUNTO ATTENZIONE,./0.png
16.3957891953977,38.5799678028503,"0",PUNTO ATTENZIONE,./0.png
16.3387267441832,38.6019340004256,"0",PUNTO ATTENZIONE,./0.png
16.3398491043504,38.6030016733451,"0",PUNTO ATTENZIONE,./0.png
16.050600480025,38.6268229490795,"0",PUNTO ATTENZIONE,./0.png
16.4152140871744,38.9142212013007,"0",PUNTO ATTENZIONE,./0.png
16.4642854780456,38.9240708127895,"0",PUNTO ATTENZIONE,./0.png
16.4629301891192,38.9439162599304,"0",PUNTO ATTENZIONE,./0.png
16.4611583154121,38.7922733506055,"0",PUNTO ATTENZIONE,./0.png
16.4373416717731,38.7858026718262,"0",PUNTO ATTENZIONE,./0.png
16.34440924647,38.439824042711,"0",PUNTO ATTENZIONE,./0.png
16.3521272551457,38.4446202509631,"0",PUNTO ATTENZIONE,./0.png
16.1929002472134,38.7088426978623,"0",PUNTO ATTENZIONE,./0.png
16.2523667498195,38.7038956307418,"0",PUNTO ATTENZIONE,./0.png
16.2553169053561,38.7281770842934,"0",PUNTO ATTENZIONE,./0.png
15.9076359761181,38.6617201136691,"0",PUNTO ATTENZIONE,./0.png
15.9006006806736,38.6605396124001,"0",PUNTO ATTENZIONE,./0.png
15.9033931164701,38.5942555884548,"0",PUNTO ATTENZIONE,./0.png
16.3157519567449,38.7703350879231,"0",PUNTO ATTENZIONE,./0.png
16.3108329730978,38.7811196128599,"0",PUNTO ATTENZIONE,./0.png
16.2900571671506,38.7990271847734,"0",PUNTO ATTENZIONE,./0.png
16.2375136736487,38.6433265413648,"0",PUNTO ATTENZIONE,./0.png
16.2353086397789,38.64319055895,"0",PUNTO ATTENZIONE,./0.png
16.2167595941137,38.6610650764409,"0",PUNTO ATTENZIONE,./0.png
16.3056017634938,38.6437908664372,"0",PUNTO ATTENZIONE,./0.png
16.2081177045436,38.6547440567538,"0",PUNTO ATTENZIONE,./0.png
16.0825023884315,38.6540980814764,"0",PUNTO ATTENZIONE,./0.png
16.0951024936176,38.6221113513746,"0",PUNTO ATTENZIONE,./0.png
16.3141339197479,38.7480242722165,"0",PUNTO ATTENZIONE,./0.png
16.3191229301818,38.7536292981822,"0",PUNTO ATTENZIONE,./0.png
16.2446046724005,38.6224201702287,"0",PUNTO ATTENZIONE,./0.png
16.0608881933698,39.2403910415,"0",PUNTO ATTENZIONE,./0.png
16.0599665648541,39.2544964483823,"0",PUNTO ATTENZIONE,./0.png
16.0665991181883,39.2008841045015,"0",PUNTO ATTENZIONE,./0.png
16.0621353346673,39.2011240749564,"0",PUNTO ATTENZIONE,./0.png
16.46514954451,39.2399203258615,"0",PUNTO ATTENZIONE,./0.png
16.3286446054772,39.2310772544709,"0",PUNTO ATTENZIONE,./0.png
16.050600480025,38.6268229490795,"0",PUNTO ATTENZIONE,./0.png
16.7397214740928,38.8817302917601,"0",PUNTO ATTENZIONE,./0.png
16.7293114299248,38.8970567079942,"0",PUNTO ATTENZIONE,./0.png
16.7623352018881,38.8902054839339,"0",PUNTO ATTENZIONE,./0.png
16.7601368366718,38.8957061706153,"0",PUNTO ATTENZIONE,./0.png
16.7587429507648,38.9175649606182,"0",PUNTO ATTENZIONE,./0.png
16.9076130330357,38.9429424678961,"0",PUNTO ATTENZIONE,./0.png
16.8292488591088,38.9962427746892,"0",PUNTO ATTENZIONE,./0.png
16.8280070320698,38.9977897355792,"0",PUNTO ATTENZIONE,./0.png
16.7999639810126,39.004846545293,"0",PUNTO ATTENZIONE,./0.png
16.785037241518,39.022585664766,"0",PUNTO ATTENZIONE,./0.png
16.7936783140324,39.0245584709862,"0",PUNTO ATTENZIONE,./0.png
17.0226721095416,39.1751210620741,"0",PUNTO ATTENZIONE,./0.png
17.0351534525467,39.1702417870717,"0",PUNTO ATTENZIONE,./0.png
17.0187056445827,39.1708021994499,"0",PUNTO ATTENZIONE,./0.png
17.0385727745522,39.1676331553628,"0",PUNTO ATTENZIONE,./0.png
16.9165897258895,38.9932990428944,"0",PUNTO ATTENZIONE,./0.png
16.7882491646295,39.0777538880017,"0",PUNTO ATTENZIONE,./0.png
16.7909284471669,39.0667678825068,"0",PUNTO ATTENZIONE,./0.png
16.7880671081581,39.0809594692323,"0",PUNTO ATTENZIONE,./0.png
16.786523915041,39.0812442861506,"0",PUNTO ATTENZIONE,./0.png
16.8074445670478,39.1004072506594,"0",PUNTO ATTENZIONE,./0.png
16.7955698588551,39.1355836731306,"0",PUNTO ATTENZIONE,./0.png
16.8099223921901,39.1701477886073,"0",PUNTO ATTENZIONE,./0.png
17.0847408179166,39.1860148573975,"0",PUNTO ATTENZIONE,./0.png
16.7732392304843,39.345105720182,"0",PUNTO ATTENZIONE,./0.png
16.737499749375,39.3094608848538,"0",PUNTO ATTENZIONE,./0.png
16.8543320018516,39.3275051066431,"0",PUNTO ATTENZIONE,./0.png
16.8389512975298,39.246687560659,"0",PUNTO ATTENZIONE,./0.png
17.0538107589582,39.3378416027537,"0",PUNTO ATTENZIONE,./0.png
16.9911445252807,39.3324290078445,"0",PUNTO ATTENZIONE,./0.png
17.1006859377174,39.2293863959413,"0",PUNTO ATTENZIONE,./0.png
17.1165713359961,39.2380137538298,"0",PUNTO ATTENZIONE,./0.png
17.0815832490302,39.4185222334725,"0",PUNTO ATTENZIONE,./0.png
17.1166446243161,39.3323450593446,"0",PUNTO ATTENZIONE,./0.png
17.1320221960964,39.3634598058742,"0",PUNTO ATTENZIONE,./0.png
17.1343853503091,39.380673625975,"0",PUNTO ATTENZIONE,./0.png
17.1239476523556,39.3818889661295,"0",PUNTO ATTENZIONE,./0.png
17.1259805144294,39.386002577044,"0",PUNTO ATTENZIONE,./0.png
17.1223185129767,39.3884004725128,"0",PUNTO ATTENZIONE,./0.png
17.1225128283991,39.3903040374903,"0",PUNTO ATTENZIONE,./0.png
17.1317377219239,39.4002148269865,"0",PUNTO ATTENZIONE,./0.png
17.104982052063,39.4090823311492,"0",PUNTO ATTENZIONE,./0.png
17.1060761187529,39.4106165293532,"0",PUNTO ATTENZIONE,./0.png
17.0087066062097,39.2269159225817,"0",PUNTO ATTENZIONE,./0.png
17.0004174050708,39.2436124473581,"0",PUNTO ATTENZIONE,./0.png
15.9778169124735,38.309469147188,"0",PUNTO ATTENZIONE,./0.png
15.9578232824312,38.3275357510327,"0",PUNTO ATTENZIONE,./0.png
16.0059269476862,38.3517568538434,"0",PUNTO ATTENZIONE,./0.png
16.0192480558978,38.348646551276,"0",PUNTO ATTENZIONE,./0.png
16.4563042691416,39.5666669752904,"0",PUNTO ATTENZIONE,./0.png
16.4643760662237,39.5801381710665,"0",PUNTO ATTENZIONE,./0.png
15.807393897476,37.9781507689158,"0",PUNTO ATTENZIONE,./0.png
15.817720380027,38.0032251250527,"0",PUNTO ATTENZIONE,./0.png
15.8171092471946,38.0144297429614,"0",PUNTO ATTENZIONE,./0.png
16.0642605630199,37.9265539096153,"0",PUNTO ATTENZIONE,./0.png
16.0070549266096,37.9196714875872,"0",PUNTO ATTENZIONE,./0.png
16.0028091053921,37.9187926040541,"0",PUNTO ATTENZIONE,./0.png
16.0041815545602,37.9191289895962,"0",PUNTO ATTENZIONE,./0.png
16.0188871373769,37.9228481371498,"0",PUNTO ATTENZIONE,./0.png
16.0129648535399,37.921454649353,"0",PUNTO ATTENZIONE,./0.png
16.0158412097529,37.9222915602982,"0",PUNTO ATTENZIONE,./0.png
16.0174509050122,37.9226858440912,"0",PUNTO ATTENZIONE,./0.png
15.9858524001741,37.9651042914874,"0",PUNTO ATTENZIONE,./0.png
15.988898755484,37.9678371933737,"0",PUNTO ATTENZIONE,./0.png
16.0208948785191,37.9232591106743,"0",PUNTO ATTENZIONE,./0.png
15.9794849343221,37.9354252982735,"0",PUNTO ATTENZIONE,./0.png
15.9904204666897,37.9184649121311,"0",PUNTO ATTENZIONE,./0.png
15.9932368398738,37.9179383691071,"0",PUNTO ATTENZIONE,./0.png
15.9842485893186,37.9187961216108,"0",PUNTO ATTENZIONE,./0.png
16.0305570347872,37.9237676199122,"0",PUNTO ATTENZIONE,./0.png
16.0104395307179,37.9202824241885,"0",PUNTO ATTENZIONE,./0.png
16.0245966132372,37.9239397838477,"0",PUNTO ATTENZIONE,./0.png
16.0443334484624,37.9229552121292,"0",PUNTO ATTENZIONE,./0.png
15.8748576481834,38.2629193253934,"0",PUNTO ATTENZIONE,./0.png
15.8815064131758,38.2581143186797,"0",PUNTO ATTENZIONE,./0.png
15.8842279635177,38.2613300223673,"0",PUNTO ATTENZIONE,./0.png
16.0344700438215,38.3102798290758,"0",PUNTO ATTENZIONE,./0.png
16.0310755369193,38.3028364349797,"0",PUNTO ATTENZIONE,./0.png
16.0381617470243,38.3209921859734,"0",PUNTO ATTENZIONE,./0.png
16.0369347023301,38.3196264587599,"0",PUNTO ATTENZIONE,./0.png
16.040746202747,38.3100303158687,"0",PUNTO ATTENZIONE,./0.png
15.830592238592,38.2974647204973,"0",PUNTO ATTENZIONE,./0.png
15.8116265207197,38.2903268920444,"0",PUNTO ATTENZIONE,./0.png
15.8067671212827,38.2863933965615,"0",PUNTO ATTENZIONE,./0.png
15.8091235236168,38.2919166785519,"0",PUNTO ATTENZIONE,./0.png
15.813601091248,38.2930250757876,"0",PUNTO ATTENZIONE,./0.png
15.7890395492918,38.2773132343908,"0",PUNTO ATTENZIONE,./0.png
15.7715170357761,38.2668301387582,"0",PUNTO ATTENZIONE,./0.png
15.781388820109,38.2715344982257,"0",PUNTO ATTENZIONE,./0.png
16.5690480065638,38.4268059800394,"0",PUNTO ATTENZIONE,./0.png
16.5793483248751,38.4559623032443,"0",PUNTO ATTENZIONE,./0.png
16.008766150998,38.1536890684039,"0",PUNTO ATTENZIONE,./0.png
16.0537018632482,38.1385825495055,"0",PUNTO ATTENZIONE,./0.png
16.7081149827566,39.5074077346104,"0",PUNTO ATTENZIONE,./0.png
16.7435614520584,39.5190867804572,"0",PUNTO ATTENZIONE,./0.png
16.7665411338547,39.4079309709893,"0",PUNTO ATTENZIONE,./0.png
16.0178559584493,38.3346939010254,"0",PUNTO ATTENZIONE,./0.png
16.7787476941427,39.6040800677283,"0",PUNTO ATTENZIONE,./0.png
15.9390980037619,38.2809668196371,"0",PUNTO ATTENZIONE,./0.png
16.779162608612,39.5093385466451,"0",PUNTO ATTENZIONE,./0.png
16.8155616434419,39.5862779333721,"0",PUNTO ATTENZIONE,./0.png
16.8821502520856,39.5297774208537,"0",PUNTO ATTENZIONE,./0.png
16.8657959879425,39.5367108775109,"0",PUNTO ATTENZIONE,./0.png
16.8564460993966,39.5424414002004,"0",PUNTO ATTENZIONE,./0.png
16.9005595407771,39.5229208640738,"0",PUNTO ATTENZIONE,./0.png
16.0216287149101,38.3433499097678,"0",PUNTO ATTENZIONE,./0.png
16.0060289873145,38.3430759941492,"0",PUNTO ATTENZIONE,./0.png
15.9860343380065,38.338328231585,"0",PUNTO ATTENZIONE,./0.png
15.9515287956143,38.3590005024446,"0",PUNTO ATTENZIONE,./0.png
15.9354672150732,38.3623708250331,"0",PUNTO ATTENZIONE,./0.png
16.8514298302184,39.5462107518089,"0",PUNTO ATTENZIONE,./0.png
16.8530776171533,39.5449042091356,"0",PUNTO ATTENZIONE,./0.png
16.7249126376754,38.9329628822283,"0",PUNTO ATTENZIONE,./0.png
16.7094979661178,38.9620334862386,"0",PUNTO ATTENZIONE,./0.png
17.1084850552044,39.3016887329659,"0",PUNTO ATTENZIONE,./0.png
17.1084616312375,39.3115224657681,"0",PUNTO ATTENZIONE,./0.png
17.108717961887,39.3147527099019,"0",PUNTO ATTENZIONE,./0.png
16.9309397587092,39.1727141347712,"0",PUNTO ATTENZIONE,./0.png
17.0677466284195,39.2012408669231,"0",PUNTO ATTENZIONE,./0.png
17.108663046739,39.1981727706065,"0",PUNTO ATTENZIONE,./0.png
17.1130992635771,39.2026266116693,"0",PUNTO ATTENZIONE,./0.png
16.7071088318179,39.5085602226562,"0",PUNTO ATTENZIONE,./0.png
17.1051946276008,39.2735724377403,"0",PUNTO ATTENZIONE,./0.png
17.1057334398889,39.2735185527097,"0",PUNTO ATTENZIONE,./0.png
17.1034140760145,39.268004606145,"0",PUNTO ATTENZIONE,./0.png
17.1042615618346,39.2670404877975,"0",PUNTO ATTENZIONE,./0.png
17.1023067130814,39.2644575761713,"0",PUNTO ATTENZIONE,./0.png
17.1037972978608,39.2645300931579,"0",PUNTO ATTENZIONE,./0.png
17.1025721334627,39.2600841323169,"0",PUNTO ATTENZIONE,./0.png
17.1039837451836,39.2605291995948,"0",PUNTO ATTENZIONE,./0.png
16.103656164582,39.7340476759169,"0",PUNTO ATTENZIONE,./0.png
16.5046698602783,39.6334088750474,"0",PUNTO ATTENZIONE,./0.png
16.499827044315,39.6366097973697,"0",PUNTO ATTENZIONE,./0.png
16.3817059545763,39.4896156287984,"0",PUNTO ATTENZIONE,./0.png
16.1966463847406,39.610633784643,"0",PUNTO ATTENZIONE,./0.png
16.4497742341279,38.4836932529582,"0",PUNTO ATTENZIONE,./0.png
16.4484127065156,38.4861152295302,"0",PUNTO ATTENZIONE,./0.png
16.4611609332267,38.4864161779349,"0",PUNTO ATTENZIONE,./0.png
16.1483710082425,39.3380682209006,"0",PUNTO ATTENZIONE,./0.png
16.2341032542284,39.1439813076228,"0",PUNTO ATTENZIONE,./0.png
16.0968508690114,38.0951437906628,"0",PUNTO ATTENZIONE,./0.png
16.0906662843112,38.0958595804222,"0",PUNTO ATTENZIONE,./0.png
16.0890434525085,38.08528779647,"0",PUNTO ATTENZIONE,./0.png
16.1782225510085,39.7424407830816,"0",PUNTO ATTENZIONE,./0.png
16.1762230830785,39.7228566967823,"0",PUNTO ATTENZIONE,./0.png
16.1264792694593,39.413901413758,"0",PUNTO ATTENZIONE,./0.png
16.1665681474584,39.3134545306549,"0",PUNTO ATTENZIONE,./0.png
16.9112854501616,39.5169408045335,"0",PUNTO ATTENZIONE,./0.png
16.3388111793163,39.2940869405802,"0",PUNTO ATTENZIONE,./0.png
16.4827951167466,39.3258335419238,"0",PUNTO ATTENZIONE,./0.png
16.1702298088422,38.257962678715,"0",PUNTO ATTENZIONE,./0.png
16.0886473285338,38.5040150296471,"0",PUNTO ATTENZIONE,./0.png
16.4032756518866,38.3209214608277,"0",PUNTO ATTENZIONE,./0.png
16.5667824446049,39.020057167284,"0",PUNTO ATTENZIONE,./0.png
16.587597492709,39.0244334867236,"0",PUNTO ATTENZIONE,./0.png
16.7817852229864,39.2470087213559,"0",PUNTO ATTENZIONE,./0.png
16.7329476237957,39.1511154185879,"0",PUNTO ATTENZIONE,./0.png
16.7712567939885,39.1224673623313,"0",PUNTO ATTENZIONE,./0.png
16.7942074473677,39.1142599276176,"0",PUNTO ATTENZIONE,./0.png
16.7959687266541,39.1065474291953,"0",PUNTO ATTENZIONE,./0.png
16.9166913323664,39.081674584609,"0",PUNTO ATTENZIONE,./0.png
16.9303551505817,39.0568484615848,"0",PUNTO ATTENZIONE,./0.png
16.8327027809439,39.2578703185332,"0",PUNTO ATTENZIONE,./0.png
17.1078260371132,39.2316701297553,"0",PUNTO ATTENZIONE,./0.png
16.228593644258,38.7944966864594,"0",PUNTO ATTENZIONE,./0.png
16.2505229826247,38.8092344416313,"0",PUNTO ATTENZIONE,./0.png
15.8331874272095,38.6324733127648,"0",PUNTO ATTENZIONE,./0.png
16.0205427535554,38.5708382485259,"0",PUNTO ATTENZIONE,./0.png
16.0211981358918,38.5719813799938,"0",PUNTO ATTENZIONE,./0.png
16.0240023250952,38.5725626129086,"0",PUNTO ATTENZIONE,./0.png
16.1468778547073,38.6958910938667,"0",PUNTO ATTENZIONE,./0.png
15.9067155821072,38.6744316821284,"0",PUNTO ATTENZIONE,./0.png
16.2548210922058,38.6491999340725,"0",PUNTO ATTENZIONE,./0.png
16.4257311843454,38.8479329265983,"0",PUNTO ATTENZIONE,./0.png
16.3929623546974,38.8346667469779,"0",PUNTO ATTENZIONE,./0.png
16.4018864251197,38.8272131494661,"0",PUNTO ATTENZIONE,./0.png
16.6067524774377,38.8177492598041,"0",PUNTO ATTENZIONE,./0.png
16.5862718023423,40.0305153477943,"0",PUNTO ATTENZIONE,./0.png
16.584330191358,40.0305251633759,"0",PUNTO ATTENZIONE,./0.png
15.8271690759947,38.0284970871963,"0",PUNTO ATTENZIONE,./0.png
16.2285995812084,38.3392793755637,"0",PUNTO ATTENZIONE,./0.png
16.2431097667612,38.34155104477,"0",PUNTO ATTENZIONE,./0.png
16.1478481998269,38.5257752494952,"0",PUNTO ATTENZIONE,./0.png
16.3272799800055,38.8473272579284,"0",PUNTO ATTENZIONE,./0.png
16.3453500665126,38.8443407879135,"0",PUNTO ATTENZIONE,./0.png
16.3517394760314,38.8439222277109,"0",PUNTO ATTENZIONE,./0.png
16.075171037916,38.4451508799649,"0",PUNTO ATTENZIONE,./0.png
16.4284903270267,39.036010678882,"0",PUNTO ATTENZIONE,./0.png
