X,Y,ZID,NAME,ELEV,icon_url
16.454364478594,39.8501668876103,"0",F1,0.000,./0.png
16.4480524830255,39.8544991482055,"1",F2,0.000,./0.png
16.4474451495653,39.8554651713824,"2",F3,0.000,./0.png
16.4482879184135,39.856825254398,"3",F4,0.000,./0.png
16.4459142178118,39.8563169389939,"4",F5,0.000,./0.png
16.4490695003457,39.8622421512557,"5",F6,0.000,./0.png
16.452749277866,39.8617060111063,"6",F7,0.000,./0.png
16.4523573504932,39.8599813273452,"7",F8,0.000,./0.png
16.4542441116965,39.8649117462163,"8",F9,0.000,./0.png
16.4533907019624,39.8654102262399,"9",F10,0.000,./0.png
16.4605096369078,39.8639630492714,"10",F11,0.000,./0.png
16.4634250729674,39.8605186047218,"11",F12,0.000,./0.png
16.4556671345036,39.8606161195791,"12",F13,0.000,./0.png
16.4489575229224,39.8484291909218,"13",F14,0.000,./0.png
16.4501080077359,39.8470003182017,"14",F15,0.000,./0.png
16.4515431384608,39.8463246716719,"15",F16,0.000,./0.png
16.4539252997808,39.8445559976721,"16",F17,0.000,./0.png
16.4695435555707,39.8638827405411,"17",F18,0.000,./0.png
16.4678256674341,39.8556878436432,"18",F19,0.000,./0.png
16.4750882862946,39.8623888502778,"19",F20,0.000,./0.png
17.1077409540564,39.2930204254858,"0",F1,0.000,./0.png
17.1072968509098,39.2890371765333,"1",F2,0.000,./0.png
17.1071187954923,39.2854185042124,"2",F3,0.000,./0.png
17.1024267200395,39.2863052202194,"3",F4,0.000,./0.png
17.1001166297121,39.2834908513579,"4",F5,0.000,./0.png
17.0976080767013,39.2814007875156,"5",F6,0.000,./0.png
17.0996476511338,39.2805981868543,"6",F7,0.000,./0.png
17.0957022149517,39.2812459156627,"7",F8,0.000,./0.png
17.0934566205671,39.2864218635166,"8",F9,0.000,./0.png
17.1028121530238,39.2786490189919,"9",F10,0.000,./0.png
17.0996354605603,39.2770846191709,"10",F11,0.000,./0.png
17.0959340225584,39.278133389918,"11",F12,0.000,./0.png
17.0934615446776,39.2784121391223,"12",F13,0.000,./0.png
17.0922825376621,39.2761899180556,"13",F14,0.000,./0.png
17.0801786328923,39.2863175683527,"14",F15,0.000,./0.png
17.0801445807692,39.277722894647,"15",F16,0.000,./0.png
17.0770544168619,39.2767149302277,"16",F17,0.000,./0.png
17.077604429193,39.2721822230679,"17",F18,0.000,./0.png
17.0807209790157,39.2686037437831,"18",F19,0.000,./0.png
17.0880026838921,39.2729872306853,"19",F20,0.000,./0.png
17.092868895019,39.269016642648,"20",F21,0.000,./0.png
17.0877955916784,39.2656209795418,"21",F22,0.000,./0.png
17.0884788848277,39.2663835599286,"22",F23,0.000,./0.png
17.08912387928,39.2674171156321,"23",F24,0.000,./0.png
17.0756851982025,39.2644951049042,"24",F25,0.000,./0.png
17.0760204032245,39.2656423761564,"25",F26,0.000,./0.png
17.0760025041963,39.2666067392735,"26",F27,0.000,./0.png
17.0732736145646,39.2668265611207,"27",F28,0.000,./0.png
17.0757692522008,39.2618447365336,"28",F29,0.000,./0.png
17.0703055614542,39.2679785783256,"29",F30,0.000,./0.png
17.0690808530698,39.270081608749,"30",F31,0.000,./0.png
17.0690353298556,39.271686154784,"31",F32,0.000,./0.png
17.0723467058386,39.2731318756794,"32",F33,0.000,./0.png
17.0666677578987,39.2790801742659,"33",F34,0.000,./0.png
17.0625980337915,39.2798461152852,"34",F35,0.000,./0.png
17.060285577836,39.2780761100282,"35",F36,0.000,./0.png
17.0565312980829,39.2781334934272,"36",F37,0.000,./0.png
17.0546793080364,39.2778328393338,"37",F38,0.000,./0.png
17.0504154998388,39.2810884760793,"38",F39,0.000,./0.png
17.0468079412782,39.2794220961091,"39",F40,0.000,./0.png
17.0405140566209,39.2718652786478,"40",F41,0.000,./0.png
17.0263452707577,39.2741400006105,"41",F42,0.000,./0.png
17.0323422358606,39.2666564220297,"42",F43,0.000,./0.png
17.0318422179934,39.2690076997917,"43",F44,0.000,./0.png
17.0304435320647,39.2691402232552,"44",F45,0.000,./0.png
17.0290153377751,39.2706607541058,"45",F46,0.000,./0.png
17.0241330850557,39.2673580654693,"46",F47,0.000,./0.png
17.0226154139948,39.2609334154068,"47",F48,0.000,./0.png
17.0299304645078,39.2626080506592,"48",F49,0.000,./0.png
17.0334429357572,39.2582220377368,"49",F50,0.000,./0.png
17.0355649062525,39.2630682693583,"50",F51,0.000,./0.png
17.0660807216043,39.2654137817824,"51",F53,0.000,./0.png
17.0639137159512,39.2634520545196,"52",F54,0.000,./0.png
17.0666205004329,39.2620886046138,"53",F55,0.000,./0.png
17.0976024860732,39.2575070929357,"54",F56,0.000,./0.png
17.093574531081,39.2565074433376,"55",F57,0.000,./0.png
17.0980233360006,39.2564633883863,"56",F58,0.000,./0.png
17.0977172035185,39.2551354630304,"57",F59,0.000,./0.png
17.0997094305393,39.2543247084536,"58",F60,0.000,./0.png
17.0984682492068,39.2542840205778,"59",F61,0.000,./0.png
17.0988279690579,39.2527458787102,"60",F62,0.000,./0.png
17.0954362563795,39.251311359674,"61",F63,0.000,./0.png
17.0887881126928,39.2510344048394,"62",F64,0.000,./0.png
17.0952248363796,39.2492699505361,"63",F65,0.000,./0.png
17.0915359225011,39.2483542197582,"64",F66,0.000,./0.png
17.0852736073292,39.2485746759455,"65",F67,0.000,./0.png
17.0881044785039,39.2467400011003,"66",F68,0.000,./0.png
17.0879002588927,39.2570418212899,"67",F69,0.000,./0.png
17.0845758386254,39.2567049699812,"68",F70,0.000,./0.png
17.0822308601604,39.2538277745079,"69",F71,0.000,./0.png
17.0819114510212,39.2520405435327,"70",F72,0.000,./0.png
17.0811077615052,39.251117897491,"71",F73,0.000,./0.png
17.0979677654468,39.2464365375651,"72",F74,0.000,./0.png
17.0964578994732,39.2467070003317,"73",F75,0.000,./0.png
17.0991088435775,39.2439022463797,"74",F76,0.000,./0.png
17.0978306695858,39.2414476006008,"75",F77,0.000,./0.png
17.0967201434491,39.2407288051217,"76",F78,0.000,./0.png
17.095667270957,39.2419460609505,"77",F79,0.000,./0.png
17.0933771278878,39.243248629638,"78",F80,0.000,./0.png
17.0922763230102,39.2424665485781,"79",F81,0.000,./0.png
17.0883840745119,39.2421039635773,"80",F82,0.000,./0.png
17.0934882980358,39.2341287404901,"81",F83,0.000,./0.png
17.0931738526701,39.2352425968121,"82",F84,0.000,./0.png
17.0985911260981,39.233919748642,"83",F85,0.000,./0.png
17.1007959477866,39.2266631563131,"84",F86,0.000,./0.png
17.0890652643251,39.2279644028476,"85",F87,0.000,./0.png
17.0878895160063,39.2297243821472,"86",F88,0.000,./0.png
17.0780284139804,39.2194223860824,"87",F89,0.000,./0.png
17.0858264887054,39.2257790282703,"88",F90,0.000,./0.png
17.0817204036103,39.2259876587957,"89",F91,0.000,./0.png
17.0796069272701,39.2242414838041,"90",F92,0.000,./0.png
17.0765338865997,39.2421988005568,"91",F93,0.000,./0.png
17.0720529657024,39.2419092347021,"92",F94,0.000,./0.png
17.0704825535407,39.2393333422462,"93",F95,0.000,./0.png
17.052739597524,39.2344038080428,"94",F96,0.000,./0.png
17.0602337848805,39.226432894722,"95",F97,0.000,./0.png
17.0451360241045,39.2382676848631,"96",F98,0.000,./0.png
17.0421619615,39.2375900917575,"97",F99,0.000,./0.png
17.0423835490572,39.2388385715483,"98",F100,0.000,./0.png
17.0427602153858,39.2398410644012,"99",F101,0.000,./0.png
17.0443684169569,39.2405606523631,"100",F102,0.000,./0.png
17.0456847161419,39.2416006908603,"101",F103,0.000,./0.png
17.0488361143975,39.2443833684207,"102",F104,0.000,./0.png
17.0483319509083,39.2453743096731,"103",F105,0.000,./0.png
17.0480768508481,39.2457662196938,"104",F106,0.000,./0.png
17.0441128531629,39.2461242004594,"105",F107,0.000,./0.png
17.0412809025258,39.247561401387,"106",F108,0.000,./0.png
17.0430843499848,39.249412818211,"107",F109,0.000,./0.png
17.0416397515698,39.2495462788617,"108",F110,0.000,./0.png
17.0384464871561,39.2489174888183,"109",F111,0.000,./0.png
17.0428832347518,39.2520652329366,"110",F112,0.000,./0.png
17.0396497459799,39.2528517242668,"111",F113,0.000,./0.png
17.0360435489323,39.2523742607675,"112",F114,0.000,./0.png
17.0657650848984,39.2676898449313,"113",F115,0.000,./0.png
17.0636583752737,39.2689705607194,"114",F116,0.000,./0.png
17.0637762417581,39.2706172580439,"115",F117,0.000,./0.png
17.0629882593939,39.2714150757095,"116",F118,0.000,./0.png
17.0590118616743,39.2717918144146,"117",F119,0.000,./0.png
17.0580834985729,39.2737363228285,"118",F120,0.000,./0.png
17.0570631718202,39.2745201892616,"119",F121,0.000,./0.png
17.055227615156,39.2731921387822,"120",F122,0.000,./0.png
17.0538086650558,39.2722351189237,"121",F123,0.000,./0.png
17.0515529781165,39.271202733893,"122",F124,0.000,./0.png
17.0489398716899,39.2694377941928,"123",F125,0.000,./0.png
17.0455458132364,39.2687136360744,"124",F126,0.000,./0.png
17.0460934236811,39.2672173967373,"125",F127,0.000,./0.png
17.0554093218962,39.2560072768928,"126",F128,0.000,./0.png
17.0734180369619,39.2146843153338,"127",F129,0.000,./0.png
17.0771739991935,39.2140137184539,"128",F130,0.000,./0.png
17.080713935604,39.21348200842,"129",F131,0.000,./0.png
17.0831844654909,39.2124287380283,"130",F132,0.000,./0.png
17.0871023232128,39.2086285188621,"131",F133,0.000,./0.png
17.0793497368852,39.2076770183546,"132",F134,0.000,./0.png
17.0693127196744,39.216081786823,"133",F135,0.000,./0.png
17.0701277464216,39.2075530052944,"134",F136,0.000,./0.png
17.0671115229641,39.2081651949562,"135",F137,0.000,./0.png
17.0662623115667,39.2104056974883,"136",F138,0.000,./0.png
17.0638524319544,39.208790621233,"137",F139,0.000,./0.png
17.0622258484615,39.2082157776834,"138",F140,0.000,./0.png
17.0613714484002,39.2094922839801,"139",F141,0.000,./0.png
17.0582208564219,39.2134402672402,"140",F142,0.000,./0.png
17.057364437163,39.2170323102261,"141",F143,0.000,./0.png
17.0552940361453,39.2183212404092,"142",F144,0.000,./0.png
17.0541257429856,39.2199636275096,"143",F145,0.000,./0.png
17.0531115743697,39.2217294233019,"144",F146,0.000,./0.png
17.0611227142257,39.2211824512978,"145",F147,0.000,./0.png
17.0635063010643,39.2214916185188,"146",F148,0.000,./0.png
17.0393991994271,39.2117982575209,"147",F149,0.000,./0.png
17.0385754512063,39.2137498031895,"148",F150,0.000,./0.png
17.0345427447494,39.2108650915471,"149",F151,0.000,./0.png
17.0325481065625,39.2107737849063,"150",F152,0.000,./0.png
17.0295691956523,39.2147089996055,"151",F153,0.000,./0.png
17.0258575049178,39.2185487709608,"152",F154,0.000,./0.png
17.0270056151421,39.225844806337,"153",F155,0.000,./0.png
16.1306595005881,39.0993762039417,"0",F1,0.000,./0.png
16.126315900254,39.0953002939728,"1",F2,0.000,./0.png
16.1314668356658,39.0920065103997,"2",F3,0.000,./0.png
16.1286454762941,39.0920068255341,"3",F4,0.000,./0.png
16.1242970077973,39.0912288540004,"4",F5,0.000,./0.png
16.1298482207101,39.0891207131679,"5",F6,0.000,./0.png
16.1305655368447,39.0855274377688,"6",F7,0.000,./0.png
16.114786143756,39.0790834216246,"7",F8,0.000,./0.png
16.1163642901507,39.0831232164869,"8",F9,0.000,./0.png
16.1189811832434,39.0841073479298,"9",F10,0.000,./0.png
16.0565002472075,39.3221049921957,"0",F1,0.000,./0.png
16.0561421352199,39.3198916457388,"1",F2,0.000,./0.png
16.0583773246814,39.3196460794277,"2",F3,0.000,./0.png
16.0590252799255,39.3187661620954,"3",F4,0.000,./0.png
16.0608496448997,39.3197407103403,"4",F5,0.000,./0.png
16.061558695375,39.3190674649697,"5",F6,0.000,./0.png
16.0533670039705,39.3189436524782,"6",F7,0.000,./0.png
16.0500750219202,39.3167838302837,"7",F8,0.000,./0.png
16.0536361071012,39.3160037739634,"8",F9,0.000,./0.png
16.0571589265863,39.3149986923874,"9",F10,0.000,./0.png
16.0617496726499,39.3163535457199,"10",F11,0.000,./0.png
16.0693403163466,39.3135899042774,"11",F12,0.000,./0.png
16.0714755714149,39.3113716929404,"12",F13,0.000,./0.png
16.0728388781044,39.3102598477951,"13",F14,0.000,./0.png
16.0754597132875,39.3102266531762,"14",F15,0.000,./0.png
16.0640747566927,39.3075019621924,"15",F16,0.000,./0.png
16.0633441779582,39.3052109421235,"16",F17,0.000,./0.png
16.0785222712622,39.3125230416855,"17",F18,0.000,./0.png
16.0736233110001,39.3145326301704,"18",F19,0.000,./0.png
16.0843711389031,39.3194698967782,"19",F20,0.000,./0.png
16.0830474790734,39.3133730706622,"20",F21,0.000,./0.png
16.0825107910636,39.3131708202553,"21",F22,0.000,./0.png
16.0823061345604,39.3126861535451,"22",F23,0.000,./0.png
16.0823378609047,39.3139923883846,"23",F24,0.000,./0.png
16.0805048078106,39.3132164895675,"24",F25,0.000,./0.png
16.0800130331075,39.313671580975,"25",F26,0.000,./0.png
16.0787649767384,39.3162421502935,"26",F27,0.000,./0.png
16.0777230883644,39.3171348352273,"27",F28,0.000,./0.png
16.0771319563056,39.3141397936651,"28",F29,0.000,./0.png
16.074857258578,39.3140617042441,"29",F30,0.000,./0.png
16.0761919747679,39.3148693321771,"30",F31,0.000,./0.png
16.0762727419449,39.317112212412,"31",F33,0.000,./0.png
16.0727710003084,39.3172076117375,"32",F34,0.000,./0.png
16.0839521564129,39.3073546102196,"33",F35,0.000,./0.png
16.0837702074033,39.2978141151355,"34",F36,0.000,./0.png
16.0844314654021,39.2970781008644,"35",F37,0.000,./0.png
16.0816027326901,39.2956266819408,"36",F38,0.000,./0.png
16.0771652332256,39.2943703012502,"37",F39,0.000,./0.png
16.0724885724452,39.2949090603088,"38",F40,0.000,./0.png
16.0675605814598,39.2957022331136,"39",F41,0.000,./0.png
16.0599600987134,39.2953842266067,"40",F42,0.000,./0.png
16.0603859715886,39.2928663931228,"41",F43,0.000,./0.png
16.0606768622297,39.2913950162574,"42",F44,0.000,./0.png
16.0572733236521,39.2917683777098,"43",F45,0.000,./0.png
16.0584140089403,39.2989845074489,"44",F46,0.000,./0.png
16.0784190025202,39.2959715878163,"45",F47,0.000,./0.png
16.0584090513296,39.2978852609165,"46",F48,0.000,./0.png
16.0567765046077,39.2972873718488,"47",F49,0.000,./0.png
16.0615632790124,39.2894316374616,"48",F50,0.000,./0.png
16.0633113590624,39.2892444837151,"49",F51,0.000,./0.png
16.0588320614857,39.2874741767246,"50",F52,0.000,./0.png
16.0601842463648,39.2879484438432,"51",F53,0.000,./0.png
16.0624268687693,39.2874954916111,"52",F54,0.000,./0.png
16.0613830439694,39.2874779804987,"53",F55,0.000,./0.png
16.0594694058947,39.2859095441303,"54",F56,0.000,./0.png
16.0761056388698,39.2887845259208,"55",F57,0.000,./0.png
16.0711557178642,39.283540952128,"56",F58,0.000,./0.png
16.0597937293392,39.2820410416058,"57",F59,0.000,./0.png
16.0863325580604,39.32328108546,"58",F60,0.000,./0.png
16.0863103119676,39.2963397381744,"59",F61,0.000,./0.png
16.0856716190702,39.2962826221833,"60",F62,0.000,./0.png
16.0884653761437,39.2917242151905,"61",F63,0.000,./0.png
16.0872288831551,39.287500795047,"62",F64,0.000,./0.png
16.0951068194574,39.3183241655288,"63",F65,0.000,./0.png
16.0947726735466,39.3087941544681,"64",F66,0.000,./0.png
16.1138165749855,39.3123889081628,"65",F67,0.000,./0.png
16.3642778414945,39.6279427356457,"0",F1,0.000,./0.png
16.361824706091,39.628214791272,"1",F2,0.000,./0.png
16.1037097295819,39.4315762955238,"0",F1,0.000,./0.png
16.1111475443963,39.4287573172267,"1",F2,0.000,./0.png
16.1182189361044,39.4284913194757,"2",F3,0.000,./0.png
16.1196521881034,39.4280270134466,"3",F4,0.000,./0.png
16.1206811535751,39.4277107515862,"4",F5,0.000,./0.png
16.1296426202623,39.4394546405615,"5",F6,0.000,./0.png
16.1192421458319,39.4365277205886,"6",F7,0.000,./0.png
16.1331921443416,39.4354825935954,"7",F8,0.000,./0.png
16.1382444891103,39.4332077043508,"8",F9,0.000,./0.png
16.1369866935774,39.4337426066927,"9",F10,0.000,./0.png
16.1265748847608,39.4300775995334,"10",F11,0.000,./0.png
16.1272514234291,39.4295214132722,"11",F12,0.000,./0.png
16.124924223354,39.431472159637,"12",F13,0.000,./0.png
16.1232929098352,39.4311815742473,"13",F14,0.000,./0.png
16.1169928642705,39.4251962983881,"14",F15,0.000,./0.png
16.1126795871693,39.4235436912422,"15",F16,0.000,./0.png
16.1167138092112,39.422270609304,"16",F17,0.000,./0.png
16.1141097535419,39.4207007454885,"17",F18,0.000,./0.png
16.1197837237462,39.4217275045622,"18",F19,0.000,./0.png
16.1179677026266,39.4171316636206,"19",F20,0.000,./0.png
16.1218318308108,39.4233927072324,"20",F21,0.000,./0.png
16.1264592533289,39.4236182953779,"21",F22,0.000,./0.png
16.1231804572314,39.4205594483488,"22",F23,0.000,./0.png
16.1236093129208,39.4212220734478,"23",F24,0.000,./0.png
16.1241274484829,39.4194870769531,"24",F25,0.000,./0.png
16.1266672291542,39.4199400533919,"25",F26,0.000,./0.png
16.1286280325029,39.421227546768,"26",F27,0.000,./0.png
16.1350701192157,39.4244716604573,"27",F28,0.000,./0.png
16.1451617433123,39.4291842645008,"28",F29,0.000,./0.png
16.1490512413455,39.4290197594484,"29",F30,0.000,./0.png
16.1520294507303,39.4306662210044,"30",F31,0.000,./0.png
16.1562055617265,39.4288587566808,"31",F32,0.000,./0.png
16.157718421548,39.4304115054561,"32",F33,0.000,./0.png
16.1442022321538,39.4237965115858,"33",F34,0.000,./0.png
16.1458734906642,39.4222753309022,"34",F35,0.000,./0.png
16.1379280015289,39.4230381211523,"35",F36,0.000,./0.png
16.131500256006,39.4163700870391,"36",F37,0.000,./0.png
16.1305189845021,39.4167490532613,"37",F38,0.000,./0.png
16.1290568355438,39.4161235186446,"38",F39,0.000,./0.png
16.1272619510491,39.416474310439,"39",F40,0.000,./0.png
16.1273082097782,39.4265564570508,"40",F41,0.000,./0.png
16.1266604368295,39.4281755868066,"41",F42,0.000,./0.png
16.1315552222971,39.4283893698987,"42",F43,0.000,./0.png
16.1361328160706,39.429101614588,"43",F44,0.000,./0.png
16.1388406101367,39.4305708497358,"44",F45,0.000,./0.png
16.1436449216827,39.4330556134273,"45",F46,0.000,./0.png
16.1489244288245,39.4255430209373,"46",F47,0.000,./0.png
16.1481463884966,39.419901215999,"47",F48,0.000,./0.png
16.6003305580973,40.019489589314,"0",F1,0.000,./0.png
16.5957024577606,40.02151742141,"1",F2,0.000,./0.png
16.5935778636052,40.0233755234238,"2",F3,0.000,./0.png
16.5912738028393,40.0180197137938,"3",F5,0.000,./0.png
16.5897928409407,40.0193373647695,"4",F6,0.000,./0.png
16.5872603620647,40.0187684734427,"5",F7,0.000,./0.png
16.5850221844979,40.0187630782875,"6",F8,0.000,./0.png
16.5852370037675,40.0214628895301,"7",F9,0.000,./0.png
16.5842901130964,40.0205478975575,"8",F10,0.000,./0.png
16.5985130568331,40.0124064501082,"9",F11,0.000,./0.png
16.6014712002619,40.0141494144196,"10",F12,0.000,./0.png
16.6011092558966,40.0106948967916,"11",F13,0.000,./0.png
16.599057518626,40.0091286081135,"12",F14,0.000,./0.png
16.6073416756163,40.0131672056219,"13",F15,0.000,./0.png
16.6068839846093,40.0111374835196,"14",F16,0.000,./0.png
16.6072840791639,40.0102129991939,"15",F17,0.000,./0.png
16.608369429474,40.0105312769166,"16",F18,0.000,./0.png
16.6058573957534,40.0098273692386,"17",F19,0.000,./0.png
16.6086473720011,40.0064012200061,"18",F20,0.000,./0.png
16.6080347275793,40.0077520903456,"19",F21,0.000,./0.png
16.6072890648579,40.0074290974048,"20",F22,0.000,./0.png
16.6051102544066,40.0064412651467,"21",F23,0.000,./0.png
16.6029487824269,40.0061919038269,"22",F24,0.000,./0.png
16.6029031133326,40.0057420768981,"23",F25,0.000,./0.png
16.6000706718779,40.0063578137164,"24",F26,0.000,./0.png
16.6047436291455,40.0042931509026,"25",F27,0.000,./0.png
16.6012059827503,40.0043060559527,"26",F28,0.000,./0.png
16.602917973429,40.003372457881,"27",F29,0.000,./0.png
16.6050061359461,40.0034967074502,"28",F30,0.000,./0.png
16.6072278675752,40.0033217638562,"29",F31,0.000,./0.png
16.6078825084723,40.0027631216828,"30",F32,0.000,./0.png
16.6047019815811,40.0020144058701,"31",F33,0.000,./0.png
16.6044391052039,39.9997927785977,"32",F34,0.000,./0.png
16.6068022673196,39.9976608928059,"33",F35,0.000,./0.png
16.6060963864415,39.9970310270408,"34",F36,0.000,./0.png
16.6052023085122,39.9973677469887,"35",F37,0.000,./0.png
16.6090161932043,39.9971616935588,"36",F38,0.000,./0.png
15.7877804653969,39.9010967613799,"0",F1,0.000,./0.png
15.7857330520378,39.8980022684874,"1",F2,0.000,./0.png
15.8024878410361,39.8953287501875,"2",F3,0.000,./0.png
15.7923463359874,39.883127109534,"3",F4,0.000,./0.png
15.8103003305472,39.8793360594436,"4",F5,0.000,./0.png
15.8096870138383,39.8778987700201,"5",F6,0.000,./0.png
15.8106084475214,39.8816674514954,"6",F7,0.000,./0.png
15.8377343046367,39.8725279333859,"7",F8,0.000,./0.png
16.814522158142,39.4838973749154,"0",F1,0.000,./0.png
16.8157701496779,39.4839962404515,"1",F2,0.000,./0.png
16.8161578829082,39.486228742308,"2",F3,0.000,./0.png
16.8167800635828,39.4854774764214,"3",F4,0.000,./0.png
16.8126244118354,39.483487395143,"4",F5,0.000,./0.png
16.8102059233222,39.4828388509476,"5",F6,0.000,./0.png
16.8114474024816,39.4845313611342,"6",F7,0.000,./0.png
16.8124698421858,39.4853983774161,"7",F8,0.000,./0.png
16.81313634051,39.4872350054079,"8",F9,0.000,./0.png
16.8127848546202,39.4882838456793,"9",F10,0.000,./0.png
16.8127627459853,39.48920531981,"10",F11,0.000,./0.png
16.8113264187557,39.4870379520016,"11",F12,0.000,./0.png
16.8141265219874,39.490535107688,"12",F13,0.000,./0.png
16.8168269971065,39.4893069220079,"13",F14,0.000,./0.png
16.8173473809441,39.4880718040392,"14",F15,0.000,./0.png
16.8159515373866,39.4914885105954,"15",F16,0.000,./0.png
16.8149818191489,39.4917464211885,"16",F17,0.000,./0.png
16.8143896635104,39.4917112741182,"17",F18,0.000,./0.png
16.8165634766921,39.4924053071104,"18",F19,0.000,./0.png
16.814688805021,39.4927673464338,"19",F20,0.000,./0.png
16.8137147866599,39.4936759612676,"20",F21,0.000,./0.png
16.8176875515484,39.4898976762152,"21",F22,0.000,./0.png
16.8184850226645,39.484157839305,"22",F23,0.000,./0.png
16.818586536737,39.4839108681917,"23",F24,0.000,./0.png
16.8172639456408,39.4830064812252,"24",F25,0.000,./0.png
16.8164914335409,39.4938317702786,"25",F26,0.000,./0.png
16.8150466849676,39.4955121272136,"26",F27,0.000,./0.png
16.8139816696459,39.49167259333,"27",F28,0.000,./0.png
16.8148642375099,39.4898388528815,"28",F29,0.000,./0.png
16.8144881443481,39.488790586566,"29",F30,0.000,./0.png
16.8140548146306,39.4886712138477,"30",F31,0.000,./0.png
16.8156596851028,39.487339746703,"31",F32,0.000,./0.png
16.8131760744533,39.4870721830579,"32",F33,0.000,./0.png
16.8188488035905,39.4856771486959,"33",F34,0.000,./0.png
16.820248661207,39.4849614876989,"34",F35,0.000,./0.png
16.816905104947,39.4838155028055,"35",F36,0.000,./0.png
16.8161928218493,39.4823580475355,"36",F37,0.000,./0.png
16.8436390743623,39.5433448643019,"37",F38,0.000,./0.png
16.8444005285235,39.5426570585377,"38",F39,0.000,./0.png
16.8401145395007,39.542517790141,"39",F40,0.000,./0.png
16.841407814119,39.5425783889939,"40",F41,0.000,./0.png
16.8466014997366,39.5422797358452,"41",F42,0.000,./0.png
16.8447500001018,39.5448678771221,"42",F43,0.000,./0.png
16.8438113688274,39.5450179196666,"43",F44,0.000,./0.png
16.8430163264808,39.5448773693941,"44",F45,0.000,./0.png
16.8421586004834,39.5445666246675,"45",F46,0.000,./0.png
16.8409300826799,39.5443158064639,"46",F47,0.000,./0.png
16.8378397133726,39.5436259380664,"47",F48,0.000,./0.png
16.8309313441873,39.5557268101918,"48",F49,0.000,./0.png
16.8324285660069,39.5560095334589,"49",F50,0.000,./0.png
16.830163798634,39.5548649701568,"50",F51,0.000,./0.png
16.8294502208666,39.5533986305071,"51",F52,0.000,./0.png
16.8321737347995,39.5525178209692,"52",F53,0.000,./0.png
16.8336684476397,39.5553592992182,"53",F54,0.000,./0.png
16.0231441452157,39.6443757872186,"0",F1,0.000,./0.png
16.0317197960182,39.6452735400445,"1",F2,0.000,./0.png
16.0331966865829,39.6410001806433,"2",F3,0.000,./0.png
16.0358041894505,39.6385481103994,"3",F4,0.000,./0.png
16.0400754724527,39.6419411580668,"4",F5,0.000,./0.png
16.0448031883289,39.6406230792465,"5",F6,0.000,./0.png
16.0644930794933,39.645060103572,"6",F7,0.000,./0.png
16.058636626476,39.6483229000723,"7",F8,0.000,./0.png
16.0615544754452,39.6491510732067,"8",F9,0.000,./0.png
16.059584248939,39.6506467142031,"9",F10,0.000,./0.png
16.0605285472414,39.6537105239809,"10",F11,0.000,./0.png
16.0700394840872,39.6506589786173,"11",F12,0.000,./0.png
15.7398418009899,37.9359029894183,"0",F1,0.000,./0.png
15.7235840195766,37.9456386589611,"1",F2,0.000,./0.png
15.7275397677757,37.9622045479628,"2",F3,0.000,./0.png
15.72724681383,37.9632339928352,"3",F4,0.000,./0.png
15.7274136646309,37.9653455159284,"4",F5,0.000,./0.png
15.7278572527926,37.9667639184593,"5",F6,0.000,./0.png
15.724394584541,37.9684257040908,"6",F7,0.000,./0.png
15.7228331492559,37.9622867293465,"7",F8,0.000,./0.png
15.7242750546991,37.9646028333663,"8",F9,0.000,./0.png
15.7237673713859,37.9664195102994,"9",F10,0.000,./0.png
15.72404610023,37.9598682101307,"10",F11,0.000,./0.png
15.7233160345469,37.9608354014471,"11",F12,0.000,./0.png
15.7544625467767,37.9649297724374,"12",F14,0.000,./0.png
15.7543109786227,37.9662088933194,"13",F15,0.000,./0.png
15.7553510912472,37.9663057328739,"14",F16,0.000,./0.png
15.7568871800483,37.9665898061227,"15",F17,0.000,./0.png
15.7589292281939,37.9664423873614,"16",F18,0.000,./0.png
15.7608057184487,37.9669341766873,"17",F19,0.000,./0.png
15.7579572936784,37.9680781210806,"18",F20,0.000,./0.png
15.7550852125609,37.9687709827529,"19",F21,0.000,./0.png
15.7602577128052,37.9685761459267,"20",F22,0.000,./0.png
15.7583688653049,37.9700188786581,"21",F23,0.000,./0.png
15.7564357203256,37.970488405285,"22",F24,0.000,./0.png
15.7520615412411,37.9696850539277,"23",F25,0.000,./0.png
15.7533558820485,37.9719130871012,"24",F26,0.000,./0.png
15.7504894740338,37.9685807983079,"25",F27,0.000,./0.png
15.750122099806,37.9661335056057,"26",F28,0.000,./0.png
15.7511858533347,37.9646690900128,"27",F29,0.000,./0.png
15.7461432702665,37.967308124731,"28",F30,0.000,./0.png
15.746804995437,37.9643886223137,"29",F31,0.000,./0.png
15.7508829246226,37.9612347017521,"30",F13,0.000,./0.png
15.762020075061,37.9744675060379,"31",F32,0.000,./0.png
15.7581256326726,37.9766286913453,"32",F33,0.000,./0.png
15.7567795909296,37.9730592991918,"33",F34,0.000,./0.png
15.7549831141872,37.9732961621597,"34",F35,0.000,./0.png
15.750876337855,37.9747464639889,"35",F36,0.000,./0.png
15.7561199114081,37.9742351987542,"36",F37,0.000,./0.png
15.7537137289994,37.9760892417903,"37",F38,0.000,./0.png
15.7526878933746,37.9770962253777,"38",F39,0.000,./0.png
15.7518177492886,37.9777416951708,"39",F40,0.000,./0.png
15.7649656654835,37.9774406163913,"40",F41,0.000,./0.png
15.7685301010372,37.9796795772864,"41",F42,0.000,./0.png
15.7585939369933,37.9778784430884,"42",F43,0.000,./0.png
15.7577566955853,37.9783975659952,"43",F44,0.000,./0.png
15.7570049727578,37.9783753681827,"44",F45,0.000,./0.png
15.7563379435844,37.9788393089805,"45",F46,0.000,./0.png
15.7582039957457,37.9798186962327,"46",F47,0.000,./0.png
15.7596243750486,37.9806387033992,"47",F48,0.000,./0.png
15.759897960031,37.9817725407646,"48",F49,0.000,./0.png
15.7591348503594,37.9828589965053,"49",F50,0.000,./0.png
15.7572192850913,37.983718541336,"50",F51,0.000,./0.png
15.754986266075,37.9836067180634,"51",F52,0.000,./0.png
15.7516321391461,37.9818707167896,"52",F53,0.000,./0.png
15.7571140382347,37.9856659687374,"53",F54,0.000,./0.png
15.7561728305508,37.9860505583761,"54",F55,0.000,./0.png
15.7624180983923,37.9821257539877,"55",F56,0.000,./0.png
15.7651072741692,37.9823065717386,"56",F57,0.000,./0.png
15.7641422421624,37.9814836740176,"57",F58,0.000,./0.png
15.7616373450381,37.9804003674609,"58",F59,0.000,./0.png
15.7622265183534,37.980117156074,"59",F60,0.000,./0.png
15.7641204522727,37.9848726018984,"60",F61,0.000,./0.png
16.5103002848688,38.7443963466869,"0",F5,0.000,./0.png
16.5085657323917,38.7450483246904,"1",F4,0.000,./0.png
16.5448846336902,38.7454322593079,"2",F1,0.000,./0.png
16.540388881521,38.7440418903645,"3",F2,0.000,./0.png
16.5380081035418,38.7404536877242,"4",F3,0.000,./0.png
16.5122814823945,38.743863608856,"5",F6,0.000,./0.png
16.5081286856499,38.7488247964868,"6",F7,0.000,./0.png
16.5064374912319,38.7483317022102,"7",F8,0.000,./0.png
16.5065756493955,38.7494780883072,"8",F9,0.000,./0.png
16.5133495817742,38.7517817242317,"9",F10,0.000,./0.png
16.5155437080351,38.7534857074526,"10",F11,0.000,./0.png
16.5162505197566,38.7566476648034,"11",F12,0.000,./0.png
16.5158486446714,38.7550578069895,"12",F13,0.000,./0.png
16.5089493486026,38.7525833803624,"13",F14,0.000,./0.png
16.5076141473674,38.7538870127575,"14",F15,0.000,./0.png
16.5066898869396,38.7562003815586,"15",F16,0.000,./0.png
16.5479912149963,38.7453505797389,"16",F17,0.000,./0.png
16.543625065405,38.7402990705184,"17",F18,0.000,./0.png
16.544707985713,38.7387618966127,"18",F19,0.000,./0.png
16.541014582162,38.736611956705,"19",F20,0.000,./0.png
16.5347301702803,38.742398642182,"20",F21,0.000,./0.png
16.5127477874775,38.753561586596,"21",F22,0.000,./0.png
16.5116929279719,38.7499257590462,"22",F23,0.000,./0.png
16.5095680497245,38.7512057624689,"23",F24,0.000,./0.png
16.522083018517,38.7401310483241,"24",F25,0.000,./0.png
16.1935436329288,39.0752671513875,"0",F1,0.000,./0.png
16.1956621214624,39.0774981539372,"1",F2,0.000,./0.png
16.1992666209733,39.0787226500752,"2",F3,0.000,./0.png
16.2046290112461,39.0779374929387,"3",F4,0.000,./0.png
16.2071650307917,39.0768299648522,"4",F5,0.000,./0.png
16.2057300274461,39.0740244248722,"5",F6,0.000,./0.png
16.2157789859122,39.0748932437564,"6",F7,0.000,./0.png
16.2204448884758,39.0786650826397,"7",F8,0.000,./0.png
16.2280198359124,39.0814870236107,"8",F9,0.000,./0.png
16.2277683520568,39.0803182678362,"9",F10,0.000,./0.png
16.2270831189632,39.0788026556683,"10",F11,0.000,./0.png
16.2258249023954,39.0802486092414,"11",F12,0.000,./0.png
16.2258170348074,39.0771219418431,"12",F13,0.000,./0.png
16.2322925252738,39.0798740626354,"13",F14,0.000,./0.png
16.2372604146069,39.0783616999665,"14",F16,0.000,./0.png
16.2358545669587,39.0733215488889,"15",F17,0.000,./0.png
16.2365723236625,39.0700700472548,"16",F18,0.000,./0.png
16.2399012087455,39.0601498290514,"17",F19,0.000,./0.png
16.2386102958222,39.0603527756849,"18",F20,0.000,./0.png
16.2393711949472,39.0569385981385,"19",F21,0.000,./0.png
16.2390967494588,39.0584283014925,"20",F22,0.000,./0.png
16.2455279427283,39.0521513251475,"21",F23,0.000,./0.png
16.2505255221519,39.0498271106354,"22",F24,0.000,./0.png
16.2520197790461,39.0500273373899,"23",F25,0.000,./0.png
16.2430770790327,39.0600078864799,"24",F26,0.000,./0.png
16.2405858046075,39.0629449133494,"25",F27,0.000,./0.png
16.2467373524018,39.0532377228053,"26",F28,0.000,./0.png
16.2505277013598,39.0492954481306,"27",F29,0.000,./0.png
16.2412710500701,39.0426722537912,"28",F30,0.000,./0.png
16.2337384255045,39.0434009657334,"29",F31,0.000,./0.png
16.2381833681642,39.0378932800336,"30",F32,0.000,./0.png
16.237413868873,39.0388205546109,"31",F33,0.000,./0.png
16.2016403652166,39.0687232194479,"32",F34,0.000,./0.png
16.1942278046936,39.0705925319468,"33",F35,0.000,./0.png
16.2072055296104,39.0656380932075,"34",F36,0.000,./0.png
16.2016257287024,39.0624067690501,"35",F37,0.000,./0.png
16.2047727190541,39.0619147438121,"36",F38,0.000,./0.png
16.2096990439944,39.063422617048,"37",F39,0.000,./0.png
16.213530309029,39.0637432409675,"38",F40,0.000,./0.png
16.2161663244264,39.0604178107655,"39",F41,0.000,./0.png
16.2105193177466,39.0593412031458,"40",F42,0.000,./0.png
16.2221373459595,39.0635181857752,"41",F43,0.000,./0.png
16.2228849323956,39.0572748491661,"42",F44,0.000,./0.png
16.2493247892979,39.0571027077661,"43",F45,0.000,./0.png
16.235692460537,39.0355137983559,"44",F46,0.000,./0.png
16.2381963829078,39.0346672535449,"45",F47,0.000,./0.png
16.2365700121642,39.0334950743816,"46",F48,0.000,./0.png
16.2331814002878,39.0326298659714,"47",F49,0.000,./0.png
16.2367292328984,39.0320246147387,"48",F50,0.000,./0.png
16.2367936865164,39.030419996467,"49",F51,0.000,./0.png
16.229410001898,39.0410047330067,"50",F52,0.000,./0.png
16.2276804744225,39.0378781607653,"51",F53,0.000,./0.png
16.235942558512,39.0485408436185,"52",F54,0.000,./0.png
16.1878762785884,39.3210154880135,"0",F1q,0.000,./0.png
16.1685676032022,39.3097115408486,"1",F2q,0.000,./0.png
16.1701983049593,39.3101813653871,"2",F3q,0.000,./0.png
16.1667804391331,39.3078809768749,"3",F3q,0.000,./0.png
16.1645807518776,39.3047010467315,"4",F4a,0.000,./0.png
16.1734967143438,39.3080463447752,"5",F5q,0.000,./0.png
16.1747570478907,39.3070366712911,"6",F6a,0.000,./0.png
16.1769280570692,39.3090629183572,"7",F7a,0.000,./0.png
16.2856582026095,39.4472142372239,"0",F1,0.000,./0.png
16.2832372660256,39.447646436705,"1",F2,0.000,./0.png
16.2797103306508,39.4479736290966,"2",F3,0.000,./0.png
16.2807352284185,39.4487282151567,"3",F4,0.000,./0.png
16.2842753373986,39.4510138094355,"4",F5,0.000,./0.png
16.2886043185496,39.4506866034216,"5",F6,0.000,./0.png
16.2903827334353,39.4444047818004,"6",F7,0.000,./0.png
16.2842059981762,39.4440767043882,"7",F8,0.000,./0.png
16.2900528676687,39.4479404476696,"8",F9,0.000,./0.png
16.291776160097,39.4481195425467,"9",F10,0.000,./0.png
16.2929652565275,39.4451780071862,"10",F11,0.000,./0.png
16.2924272129981,39.4462471938442,"11",F12,0.000,./0.png
16.2962300566629,39.4476465024637,"12",F13,0.000,./0.png
16.3035436598436,39.4472223636145,"13",F14,0.000,./0.png
16.3028810101907,39.4478334735986,"14",F15,0.000,./0.png
16.3018825333156,39.4441414588603,"15",F16,0.000,./0.png
16.3104638788812,39.4512352178125,"16",F17,0.000,./0.png
16.3232568429374,39.4504686445381,"17",F18,0.000,./0.png
16.3068006649101,39.4461406250035,"18",F19,0.000,./0.png
16.3175309776807,39.4438841322185,"19",F20,0.000,./0.png
16.3072970605111,39.4447204429987,"20",F21,0.000,./0.png
16.3117388321605,39.4442379362404,"21",F22,0.000,./0.png
16.316027815787,39.4411980903378,"22",F23,0.000,./0.png
16.3227162682543,39.4415546993139,"23",F24,0.000,./0.png
15.9618851697391,38.5777380519846,"0",F1,0.000,./0.png
15.9648492818121,38.5770467864231,"1",F2,0.000,./0.png
15.9662273488889,38.5762243627052,"2",F3,0.000,./0.png
15.9685980848843,38.5749521374777,"3",F4,0.000,./0.png
15.9693434303374,38.5740357826296,"4",F5,0.000,./0.png
15.96803586297,38.5732625842849,"5",F6,0.000,./0.png
15.9739682007221,38.5739252952533,"6",F7,0.000,./0.png
15.9758925228336,38.5736118793779,"7",F8,0.000,./0.png
15.9747532014661,38.5717018760191,"8",F9,0.000,./0.png
15.9809855265987,38.5733259871261,"9",F10,0.000,./0.png
15.979485046467,38.5769522526303,"10",F11,0.000,./0.png
15.9654919554304,38.5675971927359,"11",F12,0.000,./0.png
15.9693345952106,38.5605633104358,"12",F13,0.000,./0.png
15.9910671772139,38.5559745856682,"13",F14,0.000,./0.png
16.2897331190136,38.9710207144324,"0",F1,0.000,./0.png
16.2914024029944,38.9725460008209,"1",F2,0.000,./0.png
16.3036549791459,38.9765998178241,"2",F3,0.000,./0.png
16.304287513122,38.9777281220295,"3",F4,0.000,./0.png
16.3017624974856,38.9785312586996,"4",F5,0.000,./0.png
16.297885791248,38.9767542448188,"5",F6,0.000,./0.png
16.3014272974935,38.9804002541255,"6",F7,0.000,./0.png
16.308128665665,38.9813255204059,"7",F8,0.000,./0.png
16.3097320822848,38.9787484386813,"8",F9,0.000,./0.png
16.3197181970654,38.9793838152311,"9",F10,0.000,./0.png
16.3232758983329,38.9776314512154,"10",F11,0.000,./0.png
16.3261255770033,38.98001401265,"11",F12,0.000,./0.png
16.3244910041982,38.9808886136416,"12",F13,0.000,./0.png
16.3296347940908,38.9806138456014,"13",F14,0.000,./0.png
16.3108021480595,38.9760511751224,"14",F15,0.000,./0.png
16.3383610443147,38.9768556580529,"15",F16,0.000,./0.png
16.3333331812883,38.9728312943916,"16",F17,0.000,./0.png
16.3349371191565,38.9740294235952,"17",F18,0.000,./0.png
16.3395326660214,38.9698047165648,"18",F19,0.000,./0.png
16.3377045399905,38.9695733848725,"19",F20,0.000,./0.png
16.33599792177,38.9696650251742,"20",F21,0.000,./0.png
16.3418870713596,38.9697866744279,"21",F22,0.000,./0.png
16.3455895963381,38.9690321753862,"22",F23,0.000,./0.png
16.3494883075862,38.9701044983515,"23",F24,0.000,./0.png
16.353756657273,38.9748218034759,"24",F25,0.000,./0.png
16.3509930087085,38.9776111612262,"25",F26,0.000,./0.png
16.2826944239447,38.9710290992631,"26",F27,0.000,./0.png
16.2849094677477,38.9715994489596,"27",F28,0.000,./0.png
16.291009707282,38.9769837158435,"28",F29,0.000,./0.png
16.291749117623,38.9763808119606,"29",F30,0.000,./0.png
16.2772477692897,38.9884709051125,"30",F31,0.000,./0.png
16.2784842937711,38.9846817920049,"31",F32,0.000,./0.png
16.276627258941,38.9834946648127,"32",F33,0.000,./0.png
16.2663180747754,38.9997275253801,"33",F34,0.000,./0.png
16.2674518378338,38.9972552383159,"34",F35,0.000,./0.png
16.2651823981436,38.9962616408738,"35",F36,0.000,./0.png
16.2632612008134,39.0012114218869,"36",F37,0.000,./0.png
16.2594659606856,39.0040458359889,"37",F38,0.000,./0.png
16.2635922856878,39.0081372102256,"38",F39,0.000,./0.png
16.2603360549615,38.9704167048962,"39",f40,0.000,./0.png
16.2603700696702,38.9723356679198,"40",f41,0.000,./0.png
16.2586608796371,38.9775083737181,"41",F42,0.000,./0.png
16.2588947509076,38.9776770583069,"42",F43,0.000,./0.png
16.2588892715723,38.9780195328633,"43",F44,0.000,./0.png
16.2592120788373,38.978646814678,"44",F45,0.000,./0.png
16.2541400165916,39.0032742136845,"45",F46,0.000,./0.png
16.2536711518144,38.9976474390618,"46",F47,0.000,./0.png
16.2525913469629,38.9986232051191,"47",F48,0.000,./0.png
16.2538944277874,38.9939415555482,"48",F49,0.000,./0.png
16.2460260220502,38.9923408178431,"49",F50,0.000,./0.png
16.2491115302192,38.9852612803713,"50",F51,0.000,./0.png
16.2427544849283,38.9828781932955,"51",F52,0.000,./0.png
16.2492644348904,38.9788528696318,"52",F53,0.000,./0.png
16.4746717049464,38.9989318003338,"1",F2,0.000,./0.png
16.4752386545872,39.0008572657991,"2",F3,0.000,./0.png
16.476930889911,39.0072161146148,"3",F4,0.000,./0.png
16.4743077729543,39.0087459595959,"4",F5,0.000,./0.png
16.5159485338692,38.9808960831009,"6",F7,0.000,./0.png
16.517331950892,38.980299347986,"7",F8,0.000,./0.png
16.5182383916829,38.9792859316725,"8",F9,0.000,./0.png
16.5160613059307,38.9775983374743,"9",F10,0.000,./0.png
16.5193476794639,38.9777336680707,"10",F11,0.000,./0.png
16.5206577812076,38.9765135648772,"11",F12,0.000,./0.png
16.5189866424947,38.9720934787047,"12",F13,0.000,./0.png
16.5113546821548,38.9792996357396,"13",F14,0.000,./0.png
16.5248675765512,38.9720931816102,"14",F15,0.000,./0.png
16.5253980665052,38.9732222112451,"15",F16,0.000,./0.png
16.5256578252693,38.9760409500198,"16",F17,0.000,./0.png
16.5311874241082,38.9719443234398,"17",F18,0.000,./0.png
16.5332590549262,38.9751965180676,"18",F20,0.000,./0.png
16.531501384723,38.977238948575,"19",F21,0.000,./0.png
16.5359943675838,38.9741899614699,"20",F22,0.000,./0.png
16.5376443789962,38.9679074361235,"21",F23,0.000,./0.png
16.5445490022439,38.967697975956,"22",F24,0.000,./0.png
16.5425271169777,38.9640262812219,"23",F25,0.000,./0.png
16.5409134587337,38.9636161293986,"24",F26,0.000,./0.png
16.5484238033672,38.9622967950312,"25",F27,0.000,./0.png
16.5494810087676,38.9639187084803,"26",F28,0.000,./0.png
16.5504309130472,38.9601668807742,"27",F29,0.000,./0.png
16.5450697020292,38.9599479070116,"28",F30,0.000,./0.png
16.5426152744512,38.97320878334,"29",F31,0.000,./0.png
16.5427541189206,38.9799326767952,"30",F32,0.000,./0.png
16.5470199202327,38.9800860483954,"31",F33,0.000,./0.png
16.5454597492139,38.9816486329453,"32",F34,0.000,./0.png
16.476930889911,39.0072161146148,"0",F1,0.000,./0.png
16.4743077729543,39.0087459595959,"1",F2,0.000,./0.png
16.4709334347548,39.0098042902901,"2",F3,0.000,./0.png
16.5159485338692,38.9808960831009,"3",F4,0.000,./0.png
16.517331950892,38.980299347986,"4",F5,0.000,./0.png
16.5182383916829,38.9792859316725,"5",F6,0.000,./0.png
16.5160613059307,38.9775983374743,"6",F7,0.000,./0.png
16.5193476794639,38.9777336680707,"7",F8,0.000,./0.png
16.5206577812076,38.9765135648772,"8",F9,0.000,./0.png
16.5189866424947,38.9720934787047,"9",F10,0.000,./0.png
16.5113546821548,38.9792996357396,"10",F11,0.000,./0.png
16.5248675765512,38.9720931816102,"11",F12,0.000,./0.png
16.5253980665052,38.9732222112451,"12",F13,0.000,./0.png
16.5256578252693,38.9760409500198,"13",F14,0.000,./0.png
16.5311874241082,38.9719443234398,"14",F15,0.000,./0.png
16.5332590549262,38.9751965180676,"15",F16,0.000,./0.png
16.531501384723,38.977238948575,"16",F17,0.000,./0.png
16.5359943675838,38.9741899614699,"17",F18,0.000,./0.png
16.5376443789962,38.9679074361235,"18",F19,0.000,./0.png
16.5445490022439,38.967697975956,"19",F20,0.000,./0.png
16.5425271169777,38.9640262812219,"20",F21,0.000,./0.png
16.5409134587337,38.9636161293986,"21",F22,0.000,./0.png
16.5489222919999,38.9630950306047,"22",F23,0.000,./0.png
16.5495102355686,38.9641234565984,"23",F24,0.000,./0.png
16.5504309130472,38.9601668807742,"24",F25,0.000,./0.png
16.5450697020292,38.9599479070116,"25",F26,0.000,./0.png
16.5424620428988,38.973876331464,"26",F27,0.000,./0.png
16.5424396713219,38.9786973543508,"27",F28,0.000,./0.png
16.5470199202327,38.9800860483954,"28",F29,0.000,./0.png
16.5454597492139,38.9816486329453,"29",F30,0.000,./0.png
16.5274494846013,38.9719743427277,"30",F31,0.000,./0.png
16.5256276515951,38.9747554610095,"31",F32,0.000,./0.png
16.5234555993223,38.9725131405345,"32",F33,0.000,./0.png
16.5231247770791,38.9775454436963,"33",F34,0.000,./0.png
16.5450927707212,38.9738235004307,"34",F35,0.000,./0.png
16.5397681260591,38.9704788339894,"35",F36,0.000,./0.png
16.5362120186548,38.9704356033477,"36",F37,0.000,./0.png
16.5450703339819,38.966416992787,"37",F38,0.000,./0.png
16.5458142271093,38.9640012779068,"38",F39,0.000,./0.png
16.5468571230869,38.962599805677,"39",F40,0.000,./0.png
16.551401828866,38.9630080240894,"40",F41,0.000,./0.png
16.5560949606748,38.9596476071991,"41",F42,0.000,./0.png
16.5529466918894,38.9576441169466,"42",F43,0.000,./0.png
16.5573398465498,38.952197153923,"43",F44,0.000,./0.png
16.5526435483777,38.9506287943274,"44",F45,0.000,./0.png
16.5573171845619,38.9479984566021,"45",F46,0.000,./0.png
16.5582882615464,38.9486072334732,"46",F47,0.000,./0.png
16.5548596785596,38.9480132059081,"47",F48,0.000,./0.png
16.5598500236165,38.9482619811652,"48",F49,0.000,./0.png
16.560157534165,38.9507087880495,"49",F50,0.000,./0.png
16.5613274452122,38.9493325207591,"50",F51,0.000,./0.png
16.562852657273,38.9520513632901,"51",F52,0.000,./0.png
16.568123323062,38.9482502144784,"52",F53,0.000,./0.png
16.5681492457041,38.9515207573304,"53",F54,0.000,./0.png
16.5707987976588,38.9523591599156,"54",F55,0.000,./0.png
16.5721958911561,38.9523944088101,"55",F56,0.000,./0.png
16.5508638325224,38.9547433330753,"56",F57,0.000,./0.png
16.540347191768,38.959910623473,"57",F58,0.000,./0.png
16.5295785822642,38.9684592990965,"58",F59,0.000,./0.png
16.5244937458348,38.96763378619,"59",F60,0.000,./0.png
16.5258077901041,38.9670128904338,"60",F61,0.000,./0.png
16.5219648732499,38.9697392697793,"61",F62,0.000,./0.png
16.5018858403495,38.7426451020615,"0",F1,0.000,./0.png
16.4984698014068,38.7443559993976,"1",F2,0.000,./0.png
16.5007602440951,38.7399922812996,"2",F3,0.000,./0.png
16.4998351382252,38.7403195444045,"3",F4,0.000,./0.png
16.4973109470862,38.7412079622337,"4",F5,0.000,./0.png
16.4950448091424,38.740128608462,"5",F6,0.000,./0.png
16.5002412864979,38.747631326187,"6",F7,0.000,./0.png
16.5058230650808,38.7454869946614,"7",F8,0.000,./0.png
16.5000041144802,38.737947460749,"8",F9,0.000,./0.png
16.5048590651917,38.7395791351251,"9",F10,0.000,./0.png
16.5061453151034,38.7378234285269,"10",F11,0.000,./0.png
16.5063965707333,38.7366397388487,"11",F12,0.000,./0.png
16.5086508039305,38.74207137553,"12",F13,0.000,./0.png
16.5107425566224,38.7403232411902,"13",F14,0.000,./0.png
16.5142648093771,38.7414851425408,"14",F15,0.000,./0.png
16.5110178076431,38.7386436232674,"15",F16,0.000,./0.png
16.5139294777848,38.7381373684895,"16",F17,0.000,./0.png
16.5080397955216,38.7343567670405,"17",F18,0.000,./0.png
16.5115572849319,38.7336715436032,"18",F19,0.000,./0.png
16.5164146881953,38.7337888465363,"19",F20,0.000,./0.png
16.5210202997212,38.7355942946264,"20",F21,0.000,./0.png
16.5253715650876,38.7367901263035,"21",F22,0.000,./0.png
16.5288590016377,38.7341583849307,"22",F23,0.000,./0.png
16.5035795372154,38.7317829913955,"23",F24,0.000,./0.png
16.5057054380526,38.730025495291,"24",F25,0.000,./0.png
16.5124397297424,38.7280552334783,"25",F26,0.000,./0.png
16.5098604023239,38.729575409676,"26",F27,0.000,./0.png
16.5102283800162,38.7306609973995,"27",F28,0.000,./0.png
16.5105387481667,38.7322879933108,"28",F29,0.000,./0.png
16.5131489515674,38.7311368569259,"29",F30,0.000,./0.png
16.5150778574854,38.7298683404861,"30",F31,0.000,./0.png
16.5167694821195,38.7249984370968,"31",F32,0.000,./0.png
16.3857935955485,38.9678173313285,"0",F1,0.000,./0.png
16.383277826718,38.979832203168,"1",F2,0.000,./0.png
16.3626169289552,38.9681248426709,"2",F3,0.000,./0.png
16.3648291791666,38.9424518776256,"3",F5,0.000,./0.png
16.3624595240051,38.9428309915588,"4",F6,0.000,./0.png
16.3603834043502,38.9410620401267,"5",F7,0.000,./0.png
16.3578811430657,38.9429564394831,"6",F8,0.000,./0.png
16.1642441824715,39.0009891108946,"0",F1,0.000,./0.png
16.1635216063461,39.0019965368851,"1",F2,0.000,./0.png
16.1685268309025,39.002991780121,"2",F3,0.000,./0.png
16.1695833503017,39.0033326198485,"3",F4,0.000,./0.png
16.1678895679205,39.0042687067597,"4",F5,0.000,./0.png
16.1685883014662,39.0046221476749,"5",F6,0.000,./0.png
16.17004601631,39.0047787442762,"6",F7,0.000,./0.png
16.1712064070327,39.0037128182059,"7",F8,0.000,./0.png
16.1694332975678,39.0005317156869,"8",F9,0.000,./0.png
16.1721664126214,39.0038022965637,"9",F10,0.000,./0.png
16.1733748761761,39.0028530083828,"10",F11,0.000,./0.png
16.1740786156206,39.0028098840436,"11",F12,0.000,./0.png
16.1681372275943,38.9940477931479,"12",F13,0.000,./0.png
16.1698227306746,38.9919223369058,"13",F14,0.000,./0.png
16.172013559764,38.9896385942805,"14",F15,0.000,./0.png
16.1763331658181,38.9904151197019,"15",F16,0.000,./0.png
16.1754381574009,38.9928480915517,"16",F17,0.000,./0.png
16.1786927608856,38.9955365667181,"17",F18,0.000,./0.png
16.1777872701417,39.0029076643876,"18",F19,0.000,./0.png
16.1785889797644,39.0018092421961,"19",F20,0.000,./0.png
16.180898223829,39.0024797325651,"20",F21,0.000,./0.png
16.1821008465149,39.0039633700904,"21",F22,0.000,./0.png
16.1821684760531,39.0017820349533,"22",F23,0.000,./0.png
16.1818010755078,39.0060749688661,"23",F24,0.000,./0.png
16.1817940238525,39.00703921136,"24",F25,0.000,./0.png
16.1829772426043,39.0080454549185,"25",F26,0.000,./0.png
16.1847552498422,39.0087032311081,"26",F27,0.000,./0.png
16.1566361041511,38.994027218819,"27",F28,0.000,./0.png
16.1592754657635,38.9838186080591,"28",F29,0.000,./0.png
16.1606731890003,38.9753794280947,"29",F30,0.000,./0.png
16.163085820496,38.9746705675556,"30",F31,0.000,./0.png
16.1609897321226,38.9735560556565,"31",F32,0.000,./0.png
16.1562821030075,38.9758195094623,"32",F33,0.000,./0.png
16.1528308484098,38.9758446484364,"33",F34,0.000,./0.png
16.150489853896,38.9795622677631,"34",F35,0.000,./0.png
16.1485855837666,38.9795990510144,"35",F36,0.000,./0.png
16.1465339943875,38.9833858291264,"36",F37,0.000,./0.png
16.1467400916403,38.9825638024089,"37",F38,0.000,./0.png
16.1447832315561,38.9843581865563,"38",F39,0.000,./0.png
16.1468018568832,38.9956922133651,"39",F40,0.000,./0.png
16.1440624811386,38.9948089993456,"40",F41,0.000,./0.png
16.1434315500116,38.9950674924179,"41",F42,0.000,./0.png
15.8233066556395,39.723786916146,"0",F1,0.000,./0.png
15.8207814931916,39.721408119818,"1",F2,0.000,./0.png
15.8282448787338,39.7181565408337,"2",F3,0.000,./0.png
15.8314573054153,39.7146016315831,"3",F4,0.000,./0.png
15.8325458016205,39.7158642509172,"4",F5,0.000,./0.png
15.8202744785736,39.7180058974876,"5",F6,0.000,./0.png
15.818485220802,39.7137026997617,"6",F7,0.000,./0.png
15.8201473916662,39.7131864054339,"7",F8,0.000,./0.png
15.8171715978245,39.7101439609334,"8",F9,0.000,./0.png
15.8164545954166,39.7077072718642,"9",F10,0.000,./0.png
15.8251547283545,39.7055644357984,"10",F11,0.000,./0.png
15.8236746391173,39.7017546665526,"11",F12,0.000,./0.png
15.8218416292375,39.6976770709519,"12",F13,0.000,./0.png
15.8193060387277,39.6972895356675,"13",F14,0.000,./0.png
15.82083862275,39.6947288518713,"14",F15,0.000,./0.png
15.8273852371525,39.6960068725735,"15",F16,0.000,./0.png
15.8202417969779,39.6925886637541,"16",F17,0.000,./0.png
15.8196953508515,39.6937187862069,"17",F18,0.000,./0.png
15.8254129059799,39.6929664846488,"18",F19,0.000,./0.png
15.830585579116,39.6934702052707,"19",F20,0.000,./0.png
15.8210197000726,39.6893395257694,"20",F21,0.000,./0.png
15.8257098428843,39.6885223891622,"21",F22,0.000,./0.png
15.8251095709761,39.6851208321195,"22",F23,0.000,./0.png
15.8385709139959,39.6864119579144,"23",F24,0.000,./0.png
15.8250425572613,39.6794899812163,"24",F25,0.000,./0.png
15.8260979308539,39.6799870453178,"25",F27,0.000,./0.png
15.8291075230714,39.680082728014,"26",F28,0.000,./0.png
15.8325498285135,39.6802833526278,"27",F29,0.000,./0.png
15.8337064006825,39.6775539971676,"28",F30,0.000,./0.png
15.831326512106,39.6774539270793,"29",F31,0.000,./0.png
15.8310674084695,39.6733471618128,"30",F32,0.000,./0.png
15.8330144120094,39.6743063063187,"31",F33,0.000,./0.png
15.8318647851184,39.6698365095524,"32",F34,0.000,./0.png
15.8370756155763,39.6717092157431,"33",F35,0.000,./0.png
17.0038337303287,39.4219738672674,"0",F1,0.000,./0.png
17.003402087286,39.4206929281852,"1",F2,0.000,./0.png
17.0076723157511,39.4189164611224,"2",F3,0.000,./0.png
17.0066072978563,39.4194483925091,"3",F4,0.000,./0.png
17.0052488866934,39.4182555255695,"4",F5,0.000,./0.png
16.9985347591674,39.4235336299837,"5",F6,0.000,./0.png
16.9999736709075,39.4246981611706,"6",F7,0.000,./0.png
16.9972673260169,39.4238977723201,"7",F8,0.000,./0.png
16.9958145869838,39.4202107467646,"8",F9,0.000,./0.png
17.0000563148802,39.4190567120217,"9",F10,0.000,./0.png
16.9959287657755,39.4233981972666,"10",F11,0.000,./0.png
16.9945371197167,39.4263321865916,"11",F12,0.000,./0.png
16.995269779268,39.4296171400629,"12",F13,0.000,./0.png
16.9992932598404,39.4285299421522,"13",F14,0.000,./0.png
17.0006005328469,39.4275254088746,"14",F15,0.000,./0.png
17.0006650693613,39.4269386731317,"15",F16,0.000,./0.png
15.9396398579533,38.2836152313442,"0",F1,0.000,./0.png
15.9412300799359,38.2819172062246,"1",F2,0.000,./0.png
15.939710638288,38.2820104963007,"2",F3,0.000,./0.png
15.9417828757408,38.2786864084295,"3",F4,0.000,./0.png
15.9405433283918,38.279201034583,"4",F5,0.000,./0.png
15.9372483009665,38.2790201236878,"5",F6,0.000,./0.png
16.5038750294489,39.6188491116674,"0",F1,0.000,./0.png
16.5043022525623,39.6149062912843,"1",F2,0.000,./0.png
16.5044828484965,39.615714835604,"2",F3,0.000,./0.png
16.5055895489474,39.6167906831484,"3",F4,0.000,./0.png
16.5092088047755,39.6144732413386,"4",F5,0.000,./0.png
16.5129775182973,39.6115410733506,"5",F6,0.000,./0.png
16.5112046867917,39.6114380140316,"6",F7,0.000,./0.png
16.5156191257547,39.6124887050113,"7",F8,0.000,./0.png
16.512507786829,39.6086910791086,"8",F9,0.000,./0.png
16.5133616324801,39.6056436488412,"9",F10,0.000,./0.png
16.5243749010403,39.6027426412844,"10",F11,0.000,./0.png
16.5249594466455,39.6023115075942,"11",F12,0.000,./0.png
16.5221043841798,39.6011776761988,"12",F13,0.000,./0.png
16.5196310044558,39.6015163925422,"13",F14,0.000,./0.png
16.5179665977529,39.60103360376,"14",F15,0.000,./0.png
16.518950393234,39.600750449261,"15",F16,0.000,./0.png
16.5186702309085,39.5996549135587,"16",F17,0.000,./0.png
16.5179756060807,39.5993126092601,"17",F18,0.000,./0.png
16.5170581017551,39.5999642926832,"18",F19,0.000,./0.png
16.5153202794881,39.598248077525,"19",F19,0.000,./0.png
16.2845632921839,39.0742063914523,"0",F1,0.000,./0.png
16.283182983746,39.0734069865222,"1",F2,0.000,./0.png
16.2814294581738,39.0726925334581,"2",F3,0.000,./0.png
16.2805603843453,39.0705737449968,"3",F4,0.000,./0.png
16.2834854746044,39.0699681761772,"4",F5,0.000,./0.png
16.2859151998054,39.0694191427848,"5",F6,0.000,./0.png
16.288663061946,39.0681454982885,"6",F7,0.000,./0.png
16.2908966930595,39.0703154781406,"7",F8,0.000,./0.png
16.2923622912502,39.0666535143551,"8",F9,0.000,./0.png
16.2957801364526,39.0683632365571,"9",F10,0.000,./0.png
16.3001566854825,39.0687875317932,"10",F11,0.000,./0.png
16.2769560480295,39.0746589055207,"11",F12,0.000,./0.png
16.2675276647491,39.0724549867638,"12",F15,0.000,./0.png
16.2739069663447,38.9955978458838,"13",F16,0.000,./0.png
16.270718066405,39.0044277726126,"14",F17,0.000,./0.png
16.1460102745784,39.068256005356,"0",F1,0.000,./0.png
16.1497512079657,39.0644346099719,"1",F2,0.000,./0.png
16.1465133402467,39.0614838880733,"2",F3,0.000,./0.png
16.1545678993826,39.0684959757926,"3",F4,0.000,./0.png
16.1608348982942,39.072849076332,"4",F5,0.000,./0.png
16.1684424327646,39.0708177331787,"5",F6,0.000,./0.png
16.1669046196117,39.0679857011924,"6",F7,0.000,./0.png
16.1413324276923,39.0656076331321,"7",F8,0.000,./0.png
16.1643069804221,39.091385806869,"8",F9,0.000,./0.png
16.1588139927096,39.0920532720952,"9",F10,0.000,./0.png
16.156948034529,39.0896659112917,"10",F11,0.000,./0.png
16.1620100399325,39.0881107582712,"11",F12,0.000,./0.png
16.163287932953,39.0870707791754,"12",F13,0.000,./0.png
16.159070471037,39.0822919827754,"13",F14,0.000,./0.png
16.1374533945356,39.0817389577245,"14",F15,0.000,./0.png
16.1359421367536,39.0790594428349,"15",F16,0.000,./0.png
16.142133778732,39.0844865684144,"16",F17,0.000,./0.png
16.1377396421381,39.0873228966462,"17",F18,0.000,./0.png
16.1446888061063,39.0902014218063,"18",F19,0.000,./0.png
16.1492648028474,39.0935895323415,"19",F20,0.000,./0.png
16.1545580354726,39.0941319463996,"20",F21,0.000,./0.png
16.3042051092042,39.1471397802856,"0",F3,0.000,./0.png
16.2998575159962,39.1469675638815,"1",F1,0.000,./0.png
16.3026787492627,39.1468376929924,"2",F2,0.000,./0.png
16.3066090767581,39.1472597414404,"3",F4,0.000,./0.png
16.297730729959,39.1483242585817,"4",F5,0.000,./0.png
16.297271334073,39.1497177650697,"5",F6,0.000,./0.png
16.2987003071769,39.1501254072473,"6",F7,0.000,./0.png
16.3006883392093,39.1497261357742,"7",F8,0.000,./0.png
16.300158740799,39.1509708516292,"8",F9,0.000,./0.png
16.300832143073,39.1519581882453,"9",F10,0.000,./0.png
16.3009612698639,39.1487115324435,"10",F11,0.000,./0.png
16.3034747818031,39.1496146371483,"11",F12,0.000,./0.png
16.3061528080056,39.1516079573493,"12",F13,0.000,./0.png
16.3086574495651,39.1511399209171,"13",F14,0.000,./0.png
16.3042001427379,39.1522717903304,"14",F15,0.000,./0.png
16.303149408467,39.1531137649256,"15",F16,0.000,./0.png
16.2975067611141,39.1546730151887,"16",F17,0.000,./0.png
16.3021345871148,39.1548004166145,"17",F18,0.000,./0.png
16.3130089766445,39.1496191947405,"18",F19,0.000,./0.png
16.3081724572539,39.1464864320815,"19",F20,0.000,./0.png
16.2966114957368,39.1456022856055,"20",F21,0.000,./0.png
16.2938992474224,39.1457366040282,"21",F22,0.000,./0.png
16.2949344298345,39.1489291922056,"22",F23,0.000,./0.png
16.3882580954132,38.6525679038832,"0",F1,0.000,./0.png
16.3884504823826,38.6506281888826,"1",F2,0.000,./0.png
16.3891760226725,38.649520193885,"2",F3,0.000,./0.png
16.3890947484651,38.6476918628061,"3",F4,0.000,./0.png
16.3874186739369,38.6477748355731,"4",F5,0.000,./0.png
16.3852670993355,38.64703437576,"5",F6,0.000,./0.png
16.3928192919854,38.6453947416707,"6",F7,0.000,./0.png
16.389928687298,38.6432754222186,"7",F8,0.000,./0.png
16.3894987816393,38.6418387187218,"8",F9,0.000,./0.png
16.3891388535032,38.641049997456,"9",F10,0.000,./0.png
16.3885718178706,38.6402457110664,"10",F11,0.000,./0.png
16.3877064434304,38.6406524791591,"11",F12,0.000,./0.png
16.3871848307868,38.6404153605084,"12",F13,0.000,./0.png
16.3864991035332,38.6400089697249,"13",F14,0.000,./0.png
16.3873213758865,38.6379626600714,"14",F15,0.000,./0.png
16.3820370286106,38.6403951945723,"15",F16,0.000,./0.png
16.3786003094017,38.6391291064457,"16",F17,0.000,./0.png
16.3842361871588,38.6352597650374,"17",F18,0.000,./0.png
16.3816324915347,38.6348850369559,"18",F19,0.000,./0.png
16.4803388587605,38.4325431093537,"0",F1,0.000,./0.png
16.4835313896005,38.4345934044019,"1",F2,0.000,./0.png
16.4815641438512,38.436438629315,"2",F3,0.000,./0.png
16.4772203394078,38.4324292749066,"3",F4,0.000,./0.png
16.4783973103363,38.4356495730048,"4",F5,0.000,./0.png
16.479090818866,38.4303330201038,"5",F6,0.000,./0.png
16.4811977158759,38.4297206523355,"6",F7,0.000,./0.png
16.4826145965653,38.4295405232773,"7",F8,0.000,./0.png
16.4848226585167,38.4293954106821,"8",F9,0.000,./0.png
16.4854119058344,38.4318751269916,"9",F10,0.000,./0.png
16.490413508092,38.4305229575725,"10",F11,0.000,./0.png
16.4930415373665,38.4290746855696,"11",F12,0.000,./0.png
16.4944475984833,38.430039016412,"12",F13,0.000,./0.png
16.4867164808457,38.4262173539517,"13",F14,0.000,./0.png
16.4906026208293,38.4263482087505,"14",F15,0.000,./0.png
16.4902146248237,38.4353376464352,"15",F16,0.000,./0.png
16.4861002101924,38.4375076192367,"16",F17,0.000,./0.png
16.7463270539332,39.5617322867771,"0",F1,0.000,./0.png
16.763178590641,39.5510355601778,"1",F2,0.000,./0.png
16.7722384283687,39.5539880469963,"2",F3,0.000,./0.png
16.7690939464159,39.5561982886705,"3",F4,0.000,./0.png
16.7764047388591,39.5571679045602,"4",F5,0.000,./0.png
16.7782672546086,39.5530760539906,"5",F6,0.000,./0.png
16.7819314309279,39.5570922849403,"6",F7,0.000,./0.png
16.7853606428411,39.5605534070964,"7",F8,0.000,./0.png
16.7887826866707,39.5628162512073,"8",F9,0.000,./0.png
16.7771952624574,39.5480109994638,"9",F10,0.000,./0.png
16.776784727313,39.543323233986,"10",F11,0.000,./0.png
16.7783871271495,39.5404516603457,"11",F12,0.000,./0.png
16.7901217680617,39.5456322308357,"12",F13,0.000,./0.png
16.796760133719,39.5498904456955,"13",F15,0.000,./0.png
16.7986935861112,39.5513020760565,"14",F16,0.000,./0.png
16.800621516478,39.5520470448618,"15",F17,0.000,./0.png
16.8009481277969,39.5498256087274,"16",F18,0.000,./0.png
16.8039614067712,39.5533827237543,"17",F19,0.000,./0.png
16.802580520355,39.5544402643622,"18",F20,0.000,./0.png
16.8026908729922,39.5555557480966,"19",F21,0.000,./0.png
16.8030839548163,39.5568019888597,"20",F22,0.000,./0.png
16.7991568530038,39.556169123583,"21",F23,0.000,./0.png
16.8016040428282,39.5621316228841,"22",F24,0.000,./0.png
16.80244150465,39.5612086606129,"23",F25,0.000,./0.png
16.8044539240411,39.561159403868,"24",F26,0.000,./0.png
16.8045275861299,39.5626538587569,"25",F27,0.000,./0.png
16.8053776721537,39.5626676811704,"26",F28,0.000,./0.png
16.8072151872306,39.5630535561668,"27",F29,0.000,./0.png
16.806335454785,39.5663827796621,"28",F30,0.000,./0.png
16.8059900272168,39.567874737662,"29",F31,0.000,./0.png
16.8140436549607,39.5695872265164,"30",F32,0.000,./0.png
16.8159808128313,39.5746744195183,"31",F33,0.000,./0.png
16.8189851276444,39.5715821723703,"32",F34,0.000,./0.png
16.8204449843298,39.5668653006306,"33",F35,0.000,./0.png
16.8083513213961,39.5480888893539,"34",F36,0.000,./0.png
16.8096490260488,39.5460775533639,"35",F37,0.000,./0.png
16.8124819285969,39.5467181317379,"36",F38,0.000,./0.png
16.8061790517413,39.5442034776301,"37",F39,0.000,./0.png
16.8048890663493,39.5447190532675,"38",F40,0.000,./0.png
16.7488370787112,39.4177181548893,"0",F1,0.000,./0.png
16.7550129186712,39.4161745299854,"1",F2,0.000,./0.png
16.0796153874482,39.154521355371,"0",F1,0.000,./0.png
16.0867838943508,39.1572645233003,"1",F2,0.000,./0.png
16.0848905306781,39.158933286393,"2",F3,0.000,./0.png
16.0822456714512,39.1593465812503,"3",F4,0.000,./0.png
16.0807714948483,39.1605896538802,"4",F5,0.000,./0.png
16.0994613993948,39.1570157758052,"5",F6,0.000,./0.png
16.1016696292264,39.1547669831755,"6",F7,0.000,./0.png
16.073010623378,39.1598413797745,"7",F8,0.000,./0.png
16.0788981911497,39.1631575482561,"8",F9,0.000,./0.png
16.0834916427778,39.1633338836961,"9",F10,0.000,./0.png
16.0765240963064,39.1644962957156,"10",F11,0.000,./0.png
16.0842231821804,39.167592309377,"11",F12,0.000,./0.png
16.1015629181167,39.1653495402362,"12",F13,0.000,./0.png
16.100211507489,39.1673443222917,"13",F14,0.000,./0.png
16.1016024458676,39.1686103294177,"14",F15,0.000,./0.png
16.0964616369013,39.1722925155494,"15",F16,0.000,./0.png
16.0759049796837,39.1588071999737,"16",F17,0.000,./0.png
16.072213607649,39.1558045872892,"17",F18,0.000,./0.png
16.0752074177037,39.1616430245745,"18",F19,0.000,./0.png
16.0728653179463,39.1712791098611,"19",F20,0.000,./0.png
16.0758222722743,39.1716122764877,"20",F21,0.000,./0.png
16.07465972851,39.1697667861452,"21",F22,0.000,./0.png
16.0717124613364,39.174641724559,"22",F23,0.000,./0.png
16.0929958340814,39.166784873092,"23",F24,0.000,./0.png
16.1046984568005,39.1623493486176,"24",F25,0.000,./0.png
16.1065331530436,39.1575562351615,"25",F26,0.000,./0.png
16.1033340864245,39.1742925144364,"26",F27,0.000,./0.png
16.1048035024724,39.174981428768,"27",F28,0.000,./0.png
16.111124479944,39.1727857757557,"28",F29,0.000,./0.png
16.0857008565432,39.1809188645173,"29",F30,0.000,./0.png
16.0813687885649,39.1408508896313,"0",F1,0.000,./0.png
16.0856280671265,39.1417464837574,"1",F2,0.000,./0.png
16.089194794236,39.1426506182482,"2",F3,0.000,./0.png
16.0696734225267,39.1417247629385,"3",F4,0.000,./0.png
16.0715027159591,39.1416244733336,"4",F5,0.000,./0.png
16.0724069885209,39.1391353417407,"5",F6,0.000,./0.png
16.0767639306373,39.13539510137,"6",F7,0.000,./0.png
16.0789758555069,39.1368929196571,"7",F8,0.000,./0.png
16.0800734225766,39.1362146059879,"8",F9,0.000,./0.png
16.0814256903312,39.1327758995845,"9",F10,0.000,./0.png
16.0819819793279,39.1288815278979,"10",F11,0.000,./0.png
16.084559807959,39.1279354139133,"11",F12,0.000,./0.png
16.0812559935353,39.125524833701,"12",F13,0.000,./0.png
16.0822885283519,39.1237050537317,"13",F14,0.000,./0.png
16.0900958476395,39.1266366483574,"14",F15,0.000,./0.png
16.0914910807877,39.1218350969198,"15",F16,0.000,./0.png
16.0891152472274,39.1205283751081,"16",F17,0.000,./0.png
16.095751452951,39.1416105733878,"17",F18,0.000,./0.png
16.0970039966317,39.1401563929124,"18",F19,0.000,./0.png
16.0908328685368,39.1352845258974,"19",F20,0.000,./0.png
16.0921547723683,39.1340750260296,"20",F21,0.000,./0.png
16.0922292749963,39.1312994029269,"21",F22,0.000,./0.png
16.0891670075076,39.1312433770011,"22",F23,0.000,./0.png
16.0949882519273,39.1322449220341,"23",F24,0.000,./0.png
16.0972263731345,39.1311437184303,"24",F25,0.000,./0.png
16.0962975707642,39.1363875133483,"25",F26,0.000,./0.png
16.1042843193282,39.1341050010573,"26",F27,0.000,./0.png
16.1022421933049,39.1309351196533,"27",F28,0.000,./0.png
16.0977994527856,39.1274328532906,"28",F29,0.000,./0.png
16.1010285840593,39.1259083954206,"29",F30,0.000,./0.png
16.1096955690924,39.1194104987861,"30",F31,0.000,./0.png
16.1073832863296,39.1158868409145,"31",F32,0.000,./0.png
16.1019704468849,39.1128302859411,"32",F33,0.000,./0.png
16.1046184055277,39.0888379799992,"33",F34,0.000,./0.png
16.1082758531619,39.0908448871771,"34",F35,0.000,./0.png
16.101526655078,39.0791665636422,"35",F36,0.000,./0.png
16.1033832183616,39.079424624667,"36",F37,0.000,./0.png
16.1110375845622,39.1459255190592,"37",F38,0.000,./0.png
16.1155430878247,39.1432513298246,"38",F39,0.000,./0.png
16.1098374072665,39.1382191061816,"39",F40,0.000,./0.png
16.1184286220771,39.1352807817404,"40",F41,0.000,./0.png
16.1211121874402,39.1324125204266,"41",F42,0.000,./0.png
16.1110093319398,39.1345636574344,"42",F43,0.000,./0.png
16.1072743320969,39.1313934098386,"43",F44,0.000,./0.png
16.0681958884355,39.1442085378399,"44",F45,0.000,./0.png
16.0750852563755,39.1384053002626,"45",F46,0.000,./0.png
16.0796124774736,39.1355791086851,"46",F47,0.000,./0.png
16.086279616531,39.1334987362538,"47",F48,0.000,./0.png
16.0851836302928,39.1306885593363,"48",F49,0.000,./0.png
16.1014661685379,39.1309773500926,"49",F50,0.000,./0.png
16.1038581182209,39.1344959679292,"50",F51,0.000,./0.png
16.1078762239007,39.1332323731201,"51",F51,0.000,./0.png
16.1085339713474,39.1360735323212,"52",F52,0.000,./0.png
16.1122089227721,39.1321188221935,"53",F53,0.000,./0.png
16.1095988203743,39.1279897179693,"54",F54,0.000,./0.png
16.0996226076739,39.121046812516,"55",F55,0.000,./0.png
16.1108969507339,39.1038373437657,"56",F56,0.000,./0.png
16.0815356130694,39.1047261836768,"57",F57,0.000,./0.png
16.0852769330163,39.1141528094853,"58",F58,0.000,./0.png
16.0826146770612,39.1155382036369,"59",F59,0.000,./0.png
16.0855523161276,39.1230529550865,"60",F60,0.000,./0.png
16.0868605040252,39.1223649516774,"61",F61,0.000,./0.png
16.10208733802,39.0720765286191,"62",F62,0.000,./0.png
16.1079431693798,39.0717597176066,"63",F63,0.000,./0.png
16.1152567948244,39.0715277982189,"64",F64,0.000,./0.png
16.1048967456242,39.0728428998155,"65",F65,0.000,./0.png
16.1109928364803,39.0694148996264,"66",F66,0.000,./0.png
16.1142428225937,39.0665905102757,"67",F67,0.000,./0.png
16.1233590112476,39.0627094550654,"68",F68,0.000,./0.png
16.1194859560939,39.0611788050246,"69",F69,0.000,./0.png
16.12619087748,39.0772617547278,"70",F70,0.000,./0.png
16.1259817148356,39.0779215687509,"71",F71,0.000,./0.png
16.0872719099338,39.1190271055658,"72",F72,0.000,./0.png
16.1087826613234,39.1231586772612,"73",F73,0.000,./0.png
16.0992278613935,39.1410455296566,"74",Segnaposto senza tit,0.000,./0.png
16.1112685594064,39.1414809990711,"81",75Segnaposto senza,0.000,./0.png
16.2064138770629,39.1092340229853,"0",F1,0.000,./0.png
16.2102436738616,39.1115346645336,"1",F2,0.000,./0.png
16.1941965169336,39.1126102589257,"2",F3,0.000,./0.png
16.1774985063831,39.1111174848005,"3",F4,0.000,./0.png
16.1861251766037,39.1120314762941,"4",F5,0.000,./0.png
16.1900898020098,39.1215777191849,"5",F6,0.000,./0.png
16.174923593442,39.1172754658573,"6",F7,0.000,./0.png
16.1707799532263,39.1153245027068,"7",F8,0.000,./0.png
16.2125512442119,39.1051310562234,"8",F9,0.000,./0.png
16.2028483418256,39.109223356657,"9",F10,0.000,./0.png
16.1946916648956,39.1083701177893,"10",F11,0.000,./0.png
16.18277244525,39.1121230150573,"11",F12,0.000,./0.png
16.1700400926349,39.1185410448579,"12",F13,0.000,./0.png
16.1622182935608,39.1148798185533,"13",F14,0.000,./0.png
16.1579449458475,39.116679453993,"14",F15,0.000,./0.png
16.1632105875321,39.1189518097349,"15",F16,0.000,./0.png
16.1595446903009,39.1204210516334,"16",F17,0.000,./0.png
16.1482148557861,39.1094138772139,"17",F18,0.000,./0.png
16.1531448803216,39.1060492323129,"18",F19,0.000,./0.png
16.1469879432596,39.1007935892795,"19",F20,0.000,./0.png
16.1390681613956,39.0980328298518,"20",F21,0.000,./0.png
